{"type": "FeatureCollection", "features": [{"id": "0", "type": "Feature", "properties": {"id": "ID_00000", "Name": "JALAN IMOGIRI-DLINGO (WUKIRSARI)", "timestamp": null, "begin": null, "end": null, "altitudeMode": "clampToGround", "tessellate": -1, "extrude": 0, "visibility": -1, "drawOrder": null, "icon": null, "snippet": "", "FID": "0", "No": "1", "Y": "-7,92328", "X": "110,38839", "Ruas_Jalan": "JALAN IMOGIRI-DLINGO (WUKIRSARI)", "SRS": "SRS Makam Raja-Raja Mataram di Imogiri", "Jenis": "APJ PINTAR TENAGA LISTRIK NUANSA BUDAYA SRS", "Posisi": "Kanan", "Foto": "https://drive.google.com/file/d/1MOa0E2M_rmzaXTr_RPs_1aj0--7akADl/view?usp=drive_link"}, "geometry": {"type": "Polygon", "coordinates": [[[110.3892883152841, -7.923280000000001], [110.38928398965048, -7.923367209717056], [110.38927105440781, -7.923453579538653], [110.38924963412956, -7.9235382776769825], [110.38921993510472, -7.923620488443954], [110.38918224335113, -7.923699420106659], [110.389136921861, -7.923774312512138], [110.38908440710502, -7.923844444407975], [110.38902520482904, -7.923909140388277], [110.3889598851833, -7.923967777398087], [110.38888907723171, -7.924019790733645], [110.38881346289355, -7.9240646794807], [110.38873377037625, -7.924102011338463], [110.38865076716232, -7.924131426782845], [110.38856525261802, -7.924152642528748], [110.38847805029525, -7.924165454258228], [110.38838999999999, -7.9241697385881125], [110.38830194970473, -7.924165454258228], [110.38821474738195, -7.924152642528748], [110.38812923283766, -7.924131426782845], [110.38804622962371, -7.924102011338463], [110.38796653710642, -7.9240646794807], [110.38789092276826, -7.924019790733645], [110.38782011481668, -7.923967777398087], [110.38775479517093, -7.923909140388277], [110.38769559289494, -7.923844444407975], [110.38764307813898, -7.923774312512138], [110.38759775664883, -7.923699420106659], [110.38756006489524, -7.923620488443954], [110.3875303658704, -7.9235382776769825], [110.38750894559215, -7.923453579538653], [110.3874960103495, -7.923367209717056], [110.38749168471585, -7.923280000000001], [110.3874960103495, -7.923192790264471], [110.38750894559215, -7.923106420388162], [110.3875303658704, -7.923021722160981], [110.38756006489524, -7.922939511274439], [110.38759775664883, -7.922860579466035], [110.38764307813898, -7.922785686894335], [110.38769559289494, -7.92271555481813], [110.38775479517093, -7.922650858650254], [110.38782011481668, -7.922592221452868], [110.38789092276826, -7.922540207936944], [110.38796653710642, -7.922495319023668], [110.38804622962371, -7.922457987020202], [110.38812923283766, -7.922428571456254], [110.38821474738195, -7.9224073556215], [110.38830194970473, -7.9223945438373065], [110.38838999999999, -7.922390259488947], [110.38847805029525, -7.9223945438373065], [110.38856525261802, -7.9224073556215], [110.38865076716232, -7.922428571456254], [110.38873377037625, -7.922457987020202], [110.38881346289355, -7.922495319023668], [110.38888907723171, -7.922540207936944], [110.3889598851833, -7.922592221452868], [110.38902520482904, -7.922650858650254], [110.38908440710502, -7.92271555481813], [110.389136921861, -7.922785686894335], [110.38918224335113, -7.922860579466035], [110.38921993510472, -7.922939511274439], [110.38924963412956, -7.923021722160981], [110.38927105440781, -7.923106420388162], [110.38928398965048, -7.923192790264471], [110.3892883152841, -7.923280000000001]]]}}, {"id": "1", "type": "Feature", "properties": {"id": "ID_00001", "Name": "JALAN IMOGIRI-DLINGO (WUKIRSARI)", "timestamp": null, "begin": null, "end": null, "altitudeMode": "clampToGround", "tessellate": -1, "extrude": 0, "visibility": -1, "drawOrder": null, "icon": null, "snippet": "", "FID": "1", "No": "2", "Y": "-7,92328", "X": "110,3887", "Ruas_Jalan": "JALAN IMOGIRI-DLINGO (WUKIRSARI)", "SRS": "SRS Makam Raja-Raja Mataram di Imogiri", "Jenis": "APJ PINTAR TENAGA LISTRIK NUANSA BUDAYA SRS", "Posisi": "Kanan", "Foto": "https://drive.google.com/file/d/1QK5PR_7WAHQDaVKSYW-jZM8R0grJ5yFs/view?usp=drive_link"}, "geometry": {"type": "Polygon", "coordinates": [[[110.38959831528412, -7.923280000000001], [110.3895939896505, -7.923367209717056], [110.38958105440783, -7.923453579538653], [110.38955963412957, -7.9235382776769825], [110.38952993510475, -7.923620488443954], [110.38949224335116, -7.923699420106659], [110.38944692186102, -7.923774312512138], [110.38939440710503, -7.923844444407975], [110.38933520482905, -7.923909140388277], [110.38926988518331, -7.923967777398087], [110.38919907723172, -7.924019790733645], [110.38912346289358, -7.9240646794807], [110.38904377037628, -7.924102011338463], [110.38896076716232, -7.924131426782845], [110.38887525261805, -7.924152642528748], [110.38878805029526, -7.924165454258228], [110.3887, -7.9241697385881125], [110.38861194970472, -7.924165454258228], [110.38852474738195, -7.924152642528748], [110.38843923283767, -7.924131426782845], [110.38835622962372, -7.924102011338463], [110.38827653710644, -7.9240646794807], [110.38820092276828, -7.924019790733645], [110.38813011481669, -7.923967777398087], [110.38806479517095, -7.923909140388277], [110.38800559289496, -7.923844444407975], [110.38795307813898, -7.923774312512138], [110.38790775664886, -7.923699420106659], [110.38787006489525, -7.923620488443954], [110.38784036587043, -7.9235382776769825], [110.38781894559216, -7.923453579538653], [110.38780601034951, -7.923367209717056], [110.38780168471588, -7.923280000000001], [110.38780601034951, -7.923192790264471], [110.38781894559216, -7.923106420388162], [110.38784036587043, -7.923021722160981], [110.38787006489525, -7.922939511274439], [110.38790775664886, -7.922860579466035], [110.38795307813898, -7.922785686894335], [110.38800559289496, -7.92271555481813], [110.38806479517095, -7.922650858650254], [110.38813011481669, -7.922592221452868], [110.38820092276828, -7.922540207936944], [110.38827653710644, -7.922495319023668], [110.38835622962372, -7.922457987020202], [110.38843923283767, -7.922428571456254], [110.38852474738195, -7.9224073556215], [110.38861194970472, -7.9223945438373065], [110.3887, -7.922390259488947], [110.38878805029526, -7.9223945438373065], [110.38887525261805, -7.9224073556215], [110.38896076716232, -7.922428571456254], [110.38904377037628, -7.922457987020202], [110.38912346289358, -7.922495319023668], [110.38919907723172, -7.922540207936944], [110.38926988518331, -7.922592221452868], [110.38933520482905, -7.922650858650254], [110.38939440710503, -7.92271555481813], [110.38944692186102, -7.922785686894335], [110.38949224335116, -7.922860579466035], [110.38952993510475, -7.922939511274439], [110.38955963412957, -7.923021722160981], [110.38958105440783, -7.923106420388162], [110.3895939896505, -7.923192790264471], [110.38959831528412, -7.923280000000001]]]}}, {"id": "2", "type": "Feature", "properties": {"id": "ID_00002", "Name": "JALAN IMOGIRI-DLINGO (WUKIRSARI)", "timestamp": null, "begin": null, "end": null, "altitudeMode": "clampToGround", "tessellate": -1, "extrude": 0, "visibility": -1, "drawOrder": null, "icon": null, "snippet": "", "FID": "2", "No": "3", "Y": "-7,92328", "X": "110,3891", "Ruas_Jalan": "JALAN IMOGIRI-DLINGO (WUKIRSARI)", "SRS": "SRS Makam Raja-Raja Mataram di Imogiri", "Jenis": "APJ PINTAR TENAGA LISTRIK NUANSA BUDAYA SRS DAN BOX KWH", "Posisi": "Kanan", "Foto": "https://drive.google.com/file/d/1sRqZzXDbO0ah2TcJJMroLAvyTjmo6acG/view?usp=drive_link"}, "geometry": {"type": "Polygon", "coordinates": [[[110.38999831528412, -7.923280000000001], [110.38999398965049, -7.923367209717056], [110.38998105440783, -7.923453579538653], [110.38995963412957, -7.9235382776769825], [110.38992993510475, -7.923620488443954], [110.38989224335114, -7.923699420106659], [110.38984692186101, -7.923774312512138], [110.38979440710503, -7.923844444407975], [110.38973520482904, -7.923909140388277], [110.38966988518331, -7.923967777398087], [110.38959907723171, -7.924019790733645], [110.38952346289356, -7.9240646794807], [110.38944377037626, -7.924102011338463], [110.38936076716233, -7.924131426782845], [110.38927525261803, -7.924152642528748], [110.38918805029526, -7.924165454258228], [110.3891, -7.9241697385881125], [110.38901194970474, -7.924165454258228], [110.38892474738195, -7.924152642528748], [110.38883923283767, -7.924131426782845], [110.38875622962372, -7.924102011338463], [110.38867653710642, -7.9240646794807], [110.38860092276828, -7.924019790733645], [110.38853011481667, -7.923967777398087], [110.38846479517095, -7.923909140388277], [110.38840559289496, -7.923844444407975], [110.38835307813898, -7.923774312512138], [110.38830775664884, -7.923699420106659], [110.38827006489525, -7.923620488443954], [110.38824036587043, -7.9235382776769825], [110.38821894559217, -7.923453579538653], [110.38820601034949, -7.923367209717056], [110.38820168471587, -7.923280000000001], [110.38820601034949, -7.923192790264471], [110.38821894559217, -7.923106420388162], [110.38824036587043, -7.923021722160981], [110.38827006489525, -7.922939511274439], [110.38830775664884, -7.922860579466035], [110.38835307813898, -7.922785686894335], [110.38840559289496, -7.92271555481813], [110.38846479517095, -7.922650858650254], [110.38853011481667, -7.922592221452868], [110.38860092276828, -7.922540207936944], [110.38867653710642, -7.922495319023668], [110.38875622962372, -7.922457987020202], [110.38883923283767, -7.922428571456254], [110.38892474738195, -7.9224073556215], [110.38901194970474, -7.9223945438373065], [110.3891, -7.922390259488947], [110.38918805029526, -7.9223945438373065], [110.38927525261803, -7.9224073556215], [110.38936076716233, -7.922428571456254], [110.38944377037626, -7.922457987020202], [110.38952346289356, -7.922495319023668], [110.38959907723171, -7.922540207936944], [110.38966988518331, -7.922592221452868], [110.38973520482904, -7.922650858650254], [110.38979440710503, -7.92271555481813], [110.38984692186101, -7.922785686894335], [110.38989224335114, -7.922860579466035], [110.38992993510475, -7.922939511274439], [110.38995963412957, -7.923021722160981], [110.38998105440783, -7.923106420388162], [110.38999398965049, -7.923192790264471], [110.38999831528412, -7.923280000000001]]]}}, {"id": "3", "type": "Feature", "properties": {"id": "ID_00003", "Name": "JALAN IMOGIRI-DLINGO (WUKIRSARI)", "timestamp": null, "begin": null, "end": null, "altitudeMode": "clampToGround", "tessellate": -1, "extrude": 0, "visibility": -1, "drawOrder": null, "icon": null, "snippet": "", "FID": "3", "No": "4", "Y": "-7,92336", "X": "110,38926", "Ruas_Jalan": "JALAN IMOGIRI-DLINGO (WUKIRSARI)", "SRS": "SRS Makam Raja-Raja Mataram di Imogiri", "Jenis": "APJ PINTAR TENAGA LISTRIK NUANSA BUDAYA SRS", "Posisi": "Kanan", "Foto": "https://drive.google.com/file/d/1VXmTA4XaRPkU2wAX1t7swzub6lTkYS2t/view?usp=drive_link"}, "geometry": {"type": "Polygon", "coordinates": [[[110.39015831528411, -7.923359999999999], [110.39015398965049, -7.923447209700108], [110.39014105440782, -7.923533579504918], [110.39011963412956, -7.92361827762679], [110.39008993510473, -7.9237004883777855], [110.39005224335114, -7.92377942002515], [110.390006921861, -7.923854312416074], [110.38995440710504, -7.923924444298284], [110.38989520482905, -7.923989140266012], [110.3898298851833, -7.924047777264426], [110.38975907723172, -7.924099790589875], [110.38968346289356, -7.924144679328206], [110.38960377037625, -7.924182011178717], [110.38952076716232, -7.924211426617378], [110.38943525261803, -7.9242326423591605], [110.38934805029525, -7.924245454086149], [110.38926, -7.9242497384152015], [110.38917194970473, -7.924245454086149], [110.38908474738194, -7.9242326423591605], [110.38899923283766, -7.924211426617378], [110.38891622962373, -7.924182011178717], [110.38883653710641, -7.924144679328206], [110.38876092276827, -7.924099790589875], [110.38869011481668, -7.924047777264426], [110.38862479517094, -7.923989140266012], [110.38856559289495, -7.923924444298284], [110.38851307813898, -7.923854312416074], [110.38846775664884, -7.92377942002515], [110.38843006489525, -7.9237004883777855], [110.38840036587041, -7.92361827762679], [110.38837894559215, -7.923533579504918], [110.38836601034949, -7.923447209700108], [110.38836168471586, -7.923359999999999], [110.38836601034949, -7.923272790281415], [110.38837894559215, -7.923186420421892], [110.38840036587041, -7.923101722211172], [110.38843006489525, -7.923019511340605], [110.38846775664884, -7.9229405795475385], [110.38851307813898, -7.922865686990387], [110.38856559289495, -7.92279555492781], [110.38862479517094, -7.922730858772507], [110.38869011481668, -7.922672221586517], [110.38876092276827, -7.922620208080698], [110.38883653710641, -7.9225753191761425], [110.38891622962373, -7.922537987179933], [110.38899923283766, -7.922508571621698], [110.38908474738194, -7.922487355791065], [110.38917194970473, -7.922474544009365], [110.38926, -7.922470259661838], [110.38934805029525, -7.922474544009365], [110.38943525261803, -7.922487355791065], [110.38952076716232, -7.922508571621698], [110.38960377037625, -7.922537987179933], [110.38968346289356, -7.9225753191761425], [110.38975907723172, -7.922620208080698], [110.3898298851833, -7.922672221586517], [110.38989520482905, -7.922730858772507], [110.38995440710504, -7.92279555492781], [110.390006921861, -7.922865686990387], [110.39005224335114, -7.9229405795475385], [110.39008993510473, -7.923019511340605], [110.39011963412956, -7.923101722211172], [110.39014105440782, -7.923186420421892], [110.39015398965049, -7.923272790281415], [110.39015831528411, -7.923359999999999]]]}}, {"id": "4", "type": "Feature", "properties": {"id": "ID_00004", "Name": "JALAN IMOGIRI-DLINGO (WUKIRSARI)", "timestamp": null, "begin": null, "end": null, "altitudeMode": "clampToGround", "tessellate": -1, "extrude": 0, "visibility": -1, "drawOrder": null, "icon": null, "snippet": "", "FID": "4", "No": "5", "Y": "-7,92336", "X": "110,38951", "Ruas_Jalan": "JALAN IMOGIRI-DLINGO (WUKIRSARI)", "SRS": "SRS Makam Raja-Raja Mataram di Imogiri", "Jenis": "APJ PINTAR TENAGA LISTRIK NUANSA BUDAYA SRS", "Posisi": "Kanan", "Foto": "https://drive.google.com/file/d/12Sp_M9p9qEOoHrJLoVSkE10kZrIrgs_o/view?usp=drive_link"}, "geometry": {"type": "Polygon", "coordinates": [[[110.3904083152841, -7.923359999999999], [110.39040398965048, -7.923447209700108], [110.39039105440781, -7.923533579504918], [110.39036963412956, -7.92361827762679], [110.39033993510472, -7.9237004883777855], [110.39030224335113, -7.92377942002515], [110.390256921861, -7.923854312416074], [110.39020440710502, -7.923924444298284], [110.39014520482904, -7.923989140266012], [110.3900798851833, -7.924047777264426], [110.39000907723171, -7.924099790589875], [110.38993346289355, -7.924144679328206], [110.38985377037625, -7.924182011178717], [110.38977076716232, -7.924211426617378], [110.38968525261802, -7.9242326423591605], [110.38959805029525, -7.924245454086149], [110.38950999999999, -7.9242497384152015], [110.38942194970473, -7.924245454086149], [110.38933474738194, -7.9242326423591605], [110.38924923283766, -7.924211426617378], [110.38916622962371, -7.924182011178717], [110.38908653710642, -7.924144679328206], [110.38901092276826, -7.924099790589875], [110.38894011481668, -7.924047777264426], [110.38887479517093, -7.923989140266012], [110.38881559289494, -7.923924444298284], [110.38876307813896, -7.923854312416074], [110.38871775664884, -7.92377942002515], [110.38868006489524, -7.9237004883777855], [110.3886503658704, -7.92361827762679], [110.38862894559215, -7.923533579504918], [110.3886160103495, -7.923447209700108], [110.38861168471587, -7.923359999999999], [110.3886160103495, -7.923272790281415], [110.38862894559215, -7.923186420421892], [110.3886503658704, -7.923101722211172], [110.38868006489524, -7.923019511340605], [110.38871775664884, -7.9229405795475385], [110.38876307813896, -7.922865686990387], [110.38881559289494, -7.92279555492781], [110.38887479517093, -7.922730858772507], [110.38894011481668, -7.922672221586517], [110.38901092276826, -7.922620208080698], [110.38908653710642, -7.9225753191761425], [110.38916622962371, -7.922537987179933], [110.38924923283766, -7.922508571621698], [110.38933474738194, -7.922487355791065], [110.38942194970473, -7.922474544009365], [110.38950999999999, -7.922470259661838], [110.38959805029525, -7.922474544009365], [110.38968525261802, -7.922487355791065], [110.38977076716232, -7.922508571621698], [110.38985377037625, -7.922537987179933], [110.38993346289355, -7.9225753191761425], [110.39000907723171, -7.922620208080698], [110.3900798851833, -7.922672221586517], [110.39014520482904, -7.922730858772507], [110.39020440710502, -7.92279555492781], [110.390256921861, -7.922865686990387], [110.39030224335113, -7.9229405795475385], [110.39033993510472, -7.923019511340605], [110.39036963412956, -7.923101722211172], [110.39039105440781, -7.923186420421892], [110.39040398965048, -7.923272790281415], [110.3904083152841, -7.923359999999999]]]}}, {"id": "5", "type": "Feature", "properties": {"id": "ID_00005", "Name": "JALAN IMOGIRI-DLINGO (WUKIRSARI)", "timestamp": null, "begin": null, "end": null, "altitudeMode": "clampToGround", "tessellate": -1, "extrude": 0, "visibility": -1, "drawOrder": null, "icon": null, "snippet": "", "FID": "5", "No": "6", "Y": "-7,92341", "X": "110,38985", "Ruas_Jalan": "JALAN IMOGIRI-DLINGO (WUKIRSARI)", "SRS": "SRS Makam Raja-Raja Mataram di Imogiri", "Jenis": "APJ PINTAR TENAGA LISTRIK NUANSA BUDAYA SRS", "Posisi": "Kanan", "Foto": "https://drive.google.com/file/d/1o4mjYLLGtRY4jTzLOBFdu99xR4_i5Uhz/view?usp=drive_link"}, "geometry": {"type": "Polygon", "coordinates": [[[110.39074831528411, -7.923409999999998], [110.39074398965049, -7.923497209689514], [110.39073105440782, -7.923583579483835], [110.39070963412956, -7.923668277595419], [110.39067993510473, -7.923750488336429], [110.39064224335114, -7.923829419974208], [110.390596921861, -7.923904312356034], [110.39054440710503, -7.923974444229724], [110.39048520482905, -7.924039140189595], [110.3904198851833, -7.9240977771808865], [110.39034907723172, -7.924149790500021], [110.39027346289356, -7.924194679232895], [110.39019377037626, -7.924232011078871], [110.39011076716233, -7.92426142651396], [110.39002525261803, -7.924282642253164], [110.38993805029526, -7.924295453978599], [110.38985, -7.92429973830713], [110.38976194970473, -7.924295453978599], [110.38967474738195, -7.924282642253164], [110.38958923283766, -7.92426142651396], [110.38950622962372, -7.924232011078871], [110.38942653710643, -7.924194679232895], [110.38935092276827, -7.924149790500021], [110.38928011481669, -7.9240977771808865], [110.38921479517094, -7.924039140189595], [110.38915559289495, -7.923974444229724], [110.38910307813897, -7.923904312356034], [110.38905775664885, -7.923829419974208], [110.38902006489525, -7.923750488336429], [110.38899036587041, -7.923668277595419], [110.38896894559215, -7.923583579483835], [110.3889560103495, -7.923497209689514], [110.38895168471588, -7.923409999999998], [110.3889560103495, -7.923322790292008], [110.38896894559215, -7.923236420442972], [110.38899036587041, -7.923151722242537], [110.38902006489525, -7.923069511381954], [110.38905775664885, -7.922990579598474], [110.38910307813897, -7.92291568705042], [110.38915559289495, -7.9228455549963615], [110.38921479517094, -7.922780858848913], [110.38928011481669, -7.922722221670045], [110.38935092276827, -7.922670208170546], [110.38942653710643, -7.92262531927144], [110.38950622962372, -7.922587987279765], [110.38958923283766, -7.9225585717251015], [110.38967474738195, -7.922537355897046], [110.38976194970473, -7.922524544116898], [110.38985, -7.922520259769893], [110.38993805029526, -7.922524544116898], [110.39002525261803, -7.922537355897046], [110.39011076716233, -7.9225585717251015], [110.39019377037626, -7.922587987279765], [110.39027346289356, -7.92262531927144], [110.39034907723172, -7.922670208170546], [110.3904198851833, -7.922722221670045], [110.39048520482905, -7.922780858848913], [110.39054440710503, -7.9228455549963615], [110.390596921861, -7.92291568705042], [110.39064224335114, -7.922990579598474], [110.39067993510473, -7.923069511381954], [110.39070963412956, -7.923151722242537], [110.39073105440782, -7.923236420442972], [110.39074398965049, -7.923322790292008], [110.39074831528411, -7.923409999999998]]]}}, {"id": "6", "type": "Feature", "properties": {"id": "ID_00006", "Name": "JALAN IMOGIRI-DLINGO (WUKIRSARI)", "timestamp": null, "begin": null, "end": null, "altitudeMode": "clampToGround", "tessellate": -1, "extrude": 0, "visibility": -1, "drawOrder": null, "icon": null, "snippet": "", "FID": "6", "No": "7", "Y": "-7,92341", "X": "110,39007", "Ruas_Jalan": "JALAN IMOGIRI-DLINGO (WUKIRSARI)", "SRS": "SRS Makam Raja-Raja Mataram di Imogiri", "Jenis": "APJ PINTAR TENAGA LISTRIK NUANSA BUDAYA SRS", "Posisi": "Kanan", "Foto": "https://drive.google.com/file/d/1YW6FgcdW2MPs7qVuvfPOsyp9_d6XJJva/view?usp=drive_link"}, "geometry": {"type": "Polygon", "coordinates": [[[110.39096831528411, -7.923409999999998], [110.39096398965049, -7.923497209689514], [110.39095105440782, -7.923583579483835], [110.39092963412956, -7.923668277595419], [110.39089993510474, -7.923750488336429], [110.39086224335114, -7.923829419974208], [110.39081692186102, -7.923904312356034], [110.39076440710502, -7.923974444229724], [110.39070520482903, -7.924039140189595], [110.3906398851833, -7.9240977771808865], [110.39056907723172, -7.924149790500021], [110.39049346289356, -7.924194679232895], [110.39041377037627, -7.924232011078871], [110.39033076716233, -7.92426142651396], [110.39024525261804, -7.924282642253164], [110.39015805029526, -7.924295453978599], [110.39007, -7.92429973830713], [110.38998194970473, -7.924295453978599], [110.38989474738194, -7.924282642253164], [110.38980923283766, -7.92426142651396], [110.38972622962372, -7.924232011078871], [110.38964653710642, -7.924194679232895], [110.38957092276827, -7.924149790500021], [110.38950011481667, -7.9240977771808865], [110.38943479517094, -7.924039140189595], [110.38937559289496, -7.923974444229724], [110.38932307813897, -7.923904312356034], [110.38927775664884, -7.923829419974208], [110.38924006489525, -7.923750488336429], [110.38921036587043, -7.923668277595419], [110.38918894559217, -7.923583579483835], [110.38917601034949, -7.923497209689514], [110.38917168471588, -7.923409999999998], [110.38917601034949, -7.923322790292008], [110.38918894559217, -7.923236420442972], [110.38921036587043, -7.923151722242537], [110.38924006489525, -7.923069511381954], [110.38927775664884, -7.922990579598474], [110.38932307813897, -7.92291568705042], [110.38937559289496, -7.9228455549963615], [110.38943479517094, -7.922780858848913], [110.38950011481667, -7.922722221670045], [110.38957092276827, -7.922670208170546], [110.38964653710642, -7.92262531927144], [110.38972622962372, -7.922587987279765], [110.38980923283766, -7.9225585717251015], [110.38989474738194, -7.922537355897046], [110.38998194970473, -7.922524544116898], [110.39007, -7.922520259769893], [110.39015805029526, -7.922524544116898], [110.39024525261804, -7.922537355897046], [110.39033076716233, -7.9225585717251015], [110.39041377037627, -7.922587987279765], [110.39049346289356, -7.92262531927144], [110.39056907723172, -7.922670208170546], [110.3906398851833, -7.922722221670045], [110.39070520482903, -7.922780858848913], [110.39076440710502, -7.9228455549963615], [110.39081692186102, -7.92291568705042], [110.39086224335114, -7.922990579598474], [110.39089993510474, -7.923069511381954], [110.39092963412956, -7.923151722242537], [110.39095105440782, -7.923236420442972], [110.39096398965049, -7.923322790292008], [110.39096831528411, -7.923409999999998]]]}}, {"id": "7", "type": "Feature", "properties": {"id": "ID_00007", "Name": "JALAN IMOGIRI-DLINGO (WUKIRSARI)", "timestamp": null, "begin": null, "end": null, "altitudeMode": "clampToGround", "tessellate": -1, "extrude": 0, "visibility": -1, "drawOrder": null, "icon": null, "snippet": "", "FID": "7", "No": "8", "Y": "-7,92341", "X": "110,39045", "Ruas_Jalan": "JALAN IMOGIRI-DLINGO (WUKIRSARI)", "SRS": "SRS Makam Raja-Raja Mataram di Imogiri", "Jenis": "APJ PINTAR TENAGA LISTRIK NUANSA BUDAYA SRS DAN BOX KWH", "Posisi": "Kanan", "Foto": "https://drive.google.com/file/d/13rJi2PBIlernjo0XVWqJqMiahZVPz-G9/view?usp=drive_link"}, "geometry": {"type": "Polygon", "coordinates": [[[110.3913483152841, -7.923409999999998], [110.3913439896505, -7.923497209689514], [110.39133105440781, -7.923583579483835], [110.39130963412956, -7.923668277595419], [110.39127993510472, -7.923750488336429], [110.39124224335114, -7.923829419974208], [110.391196921861, -7.923904312356034], [110.39114440710502, -7.923974444229724], [110.39108520482904, -7.924039140189595], [110.3910198851833, -7.9240977771808865], [110.39094907723171, -7.924149790500021], [110.39087346289357, -7.924194679232895], [110.39079377037625, -7.924232011078871], [110.39071076716232, -7.92426142651396], [110.39062525261804, -7.924282642253164], [110.39053805029525, -7.924295453978599], [110.39044999999999, -7.92429973830713], [110.39036194970473, -7.924295453978599], [110.39027474738194, -7.924282642253164], [110.39018923283766, -7.92426142651396], [110.39010622962371, -7.924232011078871], [110.39002653710642, -7.924194679232895], [110.38995092276826, -7.924149790500021], [110.38988011481668, -7.9240977771808865], [110.38981479517093, -7.924039140189595], [110.38975559289494, -7.923974444229724], [110.38970307813896, -7.923904312356034], [110.38965775664884, -7.923829419974208], [110.38962006489524, -7.923750488336429], [110.38959036587042, -7.923668277595419], [110.38956894559215, -7.923583579483835], [110.3895560103495, -7.923497209689514], [110.38955168471587, -7.923409999999998], [110.3895560103495, -7.923322790292008], [110.38956894559215, -7.923236420442972], [110.38959036587042, -7.923151722242537], [110.38962006489524, -7.923069511381954], [110.38965775664884, -7.922990579598474], [110.38970307813896, -7.92291568705042], [110.38975559289494, -7.9228455549963615], [110.38981479517093, -7.922780858848913], [110.38988011481668, -7.922722221670045], [110.38995092276826, -7.922670208170546], [110.39002653710642, -7.92262531927144], [110.39010622962371, -7.922587987279765], [110.39018923283766, -7.9225585717251015], [110.39027474738194, -7.922537355897046], [110.39036194970473, -7.922524544116898], [110.39044999999999, -7.922520259769893], [110.39053805029525, -7.922524544116898], [110.39062525261804, -7.922537355897046], [110.39071076716232, -7.9225585717251015], [110.39079377037625, -7.922587987279765], [110.39087346289357, -7.92262531927144], [110.39094907723171, -7.922670208170546], [110.3910198851833, -7.922722221670045], [110.39108520482904, -7.922780858848913], [110.39114440710502, -7.9228455549963615], [110.391196921861, -7.92291568705042], [110.39124224335114, -7.922990579598474], [110.39127993510472, -7.923069511381954], [110.39130963412956, -7.923151722242537], [110.39133105440781, -7.923236420442972], [110.3913439896505, -7.923322790292008], [110.3913483152841, -7.923409999999998]]]}}, {"id": "8", "type": "Feature", "properties": {"id": "ID_00008", "Name": "JALAN IMOGIRI-DLINGO (WUKIRSARI)", "timestamp": null, "begin": null, "end": null, "altitudeMode": "clampToGround", "tessellate": -1, "extrude": 0, "visibility": -1, "drawOrder": null, "icon": null, "snippet": "", "FID": "8", "No": "9", "Y": "-7,92341", "X": "110,3907", "Ruas_Jalan": "JALAN IMOGIRI-DLINGO (WUKIRSARI)", "SRS": "SRS Makam Raja-Raja Mataram di Imogiri", "Jenis": "APJ PINTAR TENAGA LISTRIK NUANSA BUDAYA SRS", "Posisi": "Kanan", "Foto": "https://drive.google.com/file/d/14U7SJWGkT0uQr6pfSWAZGETo3R1Cic75/view?usp=drive_link"}, "geometry": {"type": "Polygon", "coordinates": [[[110.39159831528413, -7.923409999999998], [110.3915939896505, -7.923497209689514], [110.39158105440782, -7.923583579483835], [110.39155963412956, -7.923668277595419], [110.39152993510474, -7.923750488336429], [110.39149224335115, -7.923829419974208], [110.391446921861, -7.923904312356034], [110.39139440710504, -7.923974444229724], [110.39133520482905, -7.924039140189595], [110.3912698851833, -7.9240977771808865], [110.39119907723172, -7.924149790500021], [110.39112346289357, -7.924194679232895], [110.39104377037626, -7.924232011078871], [110.39096076716233, -7.92426142651396], [110.39087525261805, -7.924282642253164], [110.39078805029526, -7.924295453978599], [110.3907, -7.92429973830713], [110.39061194970473, -7.924295453978599], [110.39052474738196, -7.924282642253164], [110.39043923283766, -7.92426142651396], [110.39035622962373, -7.924232011078871], [110.39027653710643, -7.924194679232895], [110.39020092276827, -7.924149790500021], [110.39013011481669, -7.9240977771808865], [110.39006479517094, -7.924039140189595], [110.39000559289495, -7.923974444229724], [110.38995307813899, -7.923904312356034], [110.38990775664885, -7.923829419974208], [110.38987006489525, -7.923750488336429], [110.38984036587043, -7.923668277595419], [110.38981894559215, -7.923583579483835], [110.3898060103495, -7.923497209689514], [110.38980168471588, -7.923409999999998], [110.3898060103495, -7.923322790292008], [110.38981894559215, -7.923236420442972], [110.38984036587043, -7.923151722242537], [110.38987006489525, -7.923069511381954], [110.38990775664885, -7.922990579598474], [110.38995307813899, -7.92291568705042], [110.39000559289495, -7.9228455549963615], [110.39006479517094, -7.922780858848913], [110.39013011481669, -7.922722221670045], [110.39020092276827, -7.922670208170546], [110.39027653710643, -7.92262531927144], [110.39035622962373, -7.922587987279765], [110.39043923283766, -7.9225585717251015], [110.39052474738196, -7.922537355897046], [110.39061194970473, -7.922524544116898], [110.3907, -7.922520259769893], [110.39078805029526, -7.922524544116898], [110.39087525261805, -7.922537355897046], [110.39096076716233, -7.9225585717251015], [110.39104377037626, -7.922587987279765], [110.39112346289357, -7.92262531927144], [110.39119907723172, -7.922670208170546], [110.3912698851833, -7.922722221670045], [110.39133520482905, -7.922780858848913], [110.39139440710504, -7.9228455549963615], [110.391446921861, -7.92291568705042], [110.39149224335115, -7.922990579598474], [110.39152993510474, -7.923069511381954], [110.39155963412956, -7.923151722242537], [110.39158105440782, -7.923236420442972], [110.3915939896505, -7.923322790292008], [110.39159831528413, -7.923409999999998]]]}}, {"id": "9", "type": "Feature", "properties": {"id": "ID_00009", "Name": "JALAN IMOGIRI-DLINGO (WUKIRSARI)", "timestamp": null, "begin": null, "end": null, "altitudeMode": "clampToGround", "tessellate": -1, "extrude": 0, "visibility": -1, "drawOrder": null, "icon": null, "snippet": "", "FID": "9", "No": "10", "Y": "-7,92341", "X": "110,39089", "Ruas_Jalan": "JALAN IMOGIRI-DLINGO (WUKIRSARI)", "SRS": "SRS Makam Raja-Raja Mataram di Imogiri", "Jenis": "APJ PINTAR TENAGA LISTRIK NUANSA BUDAYA SRS", "Posisi": "Kanan", "Foto": "https://drive.google.com/file/d/1X76t8OebzGqKo4wUshA5IE_VTqYbxQQ3/view?usp=drive_link"}, "geometry": {"type": "Polygon", "coordinates": [[[110.39178831528412, -7.923409999999998], [110.39178398965048, -7.923497209689514], [110.39177105440783, -7.923583579483835], [110.39174963412957, -7.923668277595419], [110.39171993510473, -7.923750488336429], [110.39168224335114, -7.923829419974208], [110.391636921861, -7.923904312356034], [110.39158440710503, -7.923974444229724], [110.39152520482904, -7.924039140189595], [110.3914598851833, -7.9240977771808865], [110.39138907723171, -7.924149790500021], [110.39131346289355, -7.924194679232895], [110.39123377037625, -7.924232011078871], [110.39115076716232, -7.92426142651396], [110.39106525261803, -7.924282642253164], [110.39097805029525, -7.924295453978599], [110.39088999999998, -7.92429973830713], [110.39080194970472, -7.924295453978599], [110.39071474738195, -7.924282642253164], [110.39062923283765, -7.92426142651396], [110.39054622962372, -7.924232011078871], [110.39046653710642, -7.924194679232895], [110.39039092276826, -7.924149790500021], [110.39032011481667, -7.9240977771808865], [110.39025479517093, -7.924039140189595], [110.39019559289494, -7.923974444229724], [110.39014307813898, -7.923904312356034], [110.39009775664884, -7.923829419974208], [110.39006006489525, -7.923750488336429], [110.3900303658704, -7.923668277595419], [110.39000894559216, -7.923583579483835], [110.38999601034949, -7.923497209689514], [110.38999168471587, -7.923409999999998], [110.38999601034949, -7.923322790292008], [110.39000894559216, -7.923236420442972], [110.3900303658704, -7.923151722242537], [110.39006006489525, -7.923069511381954], [110.39009775664884, -7.922990579598474], [110.39014307813898, -7.92291568705042], [110.39019559289494, -7.9228455549963615], [110.39025479517093, -7.922780858848913], [110.39032011481667, -7.922722221670045], [110.39039092276826, -7.922670208170546], [110.39046653710642, -7.92262531927144], [110.39054622962372, -7.922587987279765], [110.39062923283765, -7.9225585717251015], [110.39071474738195, -7.922537355897046], [110.39080194970472, -7.922524544116898], [110.39088999999998, -7.922520259769893], [110.39097805029525, -7.922524544116898], [110.39106525261803, -7.922537355897046], [110.39115076716232, -7.9225585717251015], [110.39123377037625, -7.922587987279765], [110.39131346289355, -7.92262531927144], [110.39138907723171, -7.922670208170546], [110.3914598851833, -7.922722221670045], [110.39152520482904, -7.922780858848913], [110.39158440710503, -7.9228455549963615], [110.391636921861, -7.92291568705042], [110.39168224335114, -7.922990579598474], [110.39171993510473, -7.923069511381954], [110.39174963412957, -7.923151722242537], [110.39177105440783, -7.923236420442972], [110.39178398965048, -7.923322790292008], [110.39178831528412, -7.923409999999998]]]}}, {"id": "10", "type": "Feature", "properties": {"id": "ID_00010", "Name": "JALAN IMOGIRI-DLINGO (WUKIRSARI)", "timestamp": null, "begin": null, "end": null, "altitudeMode": "clampToGround", "tessellate": -1, "extrude": 0, "visibility": -1, "drawOrder": null, "icon": null, "snippet": "", "FID": "10", "No": "11", "Y": "-7,92341", "X": "110,39114", "Ruas_Jalan": "JALAN IMOGIRI-DLINGO (WUKIRSARI)", "SRS": "SRS Makam Raja-Raja Mataram di Imogiri", "Jenis": "APJ PINTAR TENAGA LISTRIK NUANSA BUDAYA SRS", "Posisi": "Kanan", "Foto": "https://drive.google.com/file/d/1k-5CVmvwYCnaRsaqUNeDKd94hRQoM4EE/view?usp=drive_link"}, "geometry": {"type": "Polygon", "coordinates": [[[110.3920383152841, -7.923409999999998], [110.39203398965049, -7.923497209689514], [110.3920210544078, -7.923583579483835], [110.39199963412955, -7.923668277595419], [110.39196993510473, -7.923750488336429], [110.39193224335114, -7.923829419974208], [110.391886921861, -7.923904312356034], [110.39183440710501, -7.923974444229724], [110.39177520482903, -7.924039140189595], [110.39170988518329, -7.9240977771808865], [110.3916390772317, -7.924149790500021], [110.39156346289356, -7.924194679232895], [110.39148377037625, -7.924232011078871], [110.39140076716231, -7.92426142651396], [110.39131525261803, -7.924282642253164], [110.39122805029524, -7.924295453978599], [110.39113999999998, -7.92429973830713], [110.39105194970472, -7.924295453978599], [110.39096474738193, -7.924282642253164], [110.39087923283765, -7.92426142651396], [110.3907962296237, -7.924232011078871], [110.39071653710641, -7.924194679232895], [110.39064092276827, -7.924149790500021], [110.39057011481667, -7.9240977771808865], [110.39050479517093, -7.924039140189595], [110.39044559289493, -7.923974444229724], [110.39039307813896, -7.923904312356034], [110.39034775664884, -7.923829419974208], [110.39031006489523, -7.923750488336429], [110.39028036587041, -7.923668277595419], [110.39025894559214, -7.923583579483835], [110.39024601034949, -7.923497209689514], [110.39024168471586, -7.923409999999998], [110.39024601034949, -7.923322790292008], [110.39025894559214, -7.923236420442972], [110.39028036587041, -7.923151722242537], [110.39031006489523, -7.923069511381954], [110.39034775664884, -7.922990579598474], [110.39039307813896, -7.92291568705042], [110.39044559289493, -7.9228455549963615], [110.39050479517093, -7.922780858848913], [110.39057011481667, -7.922722221670045], [110.39064092276827, -7.922670208170546], [110.39071653710641, -7.92262531927144], [110.3907962296237, -7.922587987279765], [110.39087923283765, -7.9225585717251015], [110.39096474738193, -7.922537355897046], [110.39105194970472, -7.922524544116898], [110.39113999999998, -7.922520259769893], [110.39122805029524, -7.922524544116898], [110.39131525261803, -7.922537355897046], [110.39140076716231, -7.9225585717251015], [110.39148377037625, -7.922587987279765], [110.39156346289356, -7.92262531927144], [110.3916390772317, -7.922670208170546], [110.39170988518329, -7.922722221670045], [110.39177520482903, -7.922780858848913], [110.39183440710501, -7.9228455549963615], [110.391886921861, -7.92291568705042], [110.39193224335114, -7.922990579598474], [110.39196993510473, -7.923069511381954], [110.39199963412955, -7.923151722242537], [110.3920210544078, -7.923236420442972], [110.39203398965049, -7.923322790292008], [110.3920383152841, -7.923409999999998]]]}}, {"id": "11", "type": "Feature", "properties": {"id": "ID_00011", "Name": "JALAN IMOGIRI TIMUR", "timestamp": null, "begin": null, "end": null, "altitudeMode": "clampToGround", "tessellate": -1, "extrude": 0, "visibility": -1, "drawOrder": null, "icon": null, "snippet": "", "FID": "11", "No": "12", "Y": "-7,86926", "X": "110,39082", "Ruas_Jalan": "JALAN IMOGIRI TIMUR", "SRS": "SRS Kerto-Pleret", "Jenis": "APJ PINTAR TENAGA LISTRIK NUANSA BUDAYA SRS", "Posisi": "Kanan", "Foto": "https://drive.google.com/file/d/1gv71VYEAfbfJ43QAvTLGTpceSbxOWb2v/view?usp=drive_link"}, "geometry": {"type": "Polygon", "coordinates": [[[110.39171831528411, -7.869260000000001], [110.39171398965048, -7.869347221121884], [110.39170105440783, -7.869433602238596], [110.39167963412957, -7.869518311453546], [110.39164993510474, -7.869600532971955], [110.39161224335113, -7.8696794749573655], [110.391566921861, -7.86975437715739], [110.39151440710503, -7.86982451822527], [110.39145520482904, -7.869889222666759], [110.3913898851833, -7.869947867345408], [110.39131907723171, -7.86999988748357], [110.39124346289356, -7.870044782101468], [110.39116377037625, -7.870082118841765], [110.39108076716232, -7.870111538133324], [110.39099525261803, -7.870132756654001], [110.39090805029525, -7.8701455700591065], [110.39081999999999, -7.870149854949333], [110.39073194970473, -7.8701455700591065], [110.39064474738194, -7.870132756654001], [110.39055923283766, -7.870111538133324], [110.39047622962373, -7.870082118841765], [110.39039653710641, -7.870044782101468], [110.39032092276827, -7.86999988748357], [110.39025011481668, -7.869947867345408], [110.39018479517094, -7.869889222666759], [110.39012559289495, -7.86982451822527], [110.39007307813898, -7.86975437715739], [110.39002775664883, -7.8696794749573655], [110.38999006489526, -7.869600532971955], [110.38996036587041, -7.869518311453546], [110.38993894559216, -7.869433602238596], [110.38992601034948, -7.869347221121884], [110.38992168471586, -7.869260000000001], [110.38992601034948, -7.869172778859762], [110.38993894559216, -7.869086397688703], [110.38996036587041, -7.869001688385493], [110.38999006489526, -7.868919466748307], [110.39002775664883, -7.8688405246181645], [110.39007307813898, -7.8687656222530205], [110.39012559289495, -7.8686954810059735], [110.39018479517094, -7.868630776378156], [110.39025011481668, -7.868572131513183], [110.39032092276827, -7.868520111195853], [110.39039653710641, -7.868475216412833], [110.39047622962373, -7.8684378795278045], [110.39055923283766, -7.86840846011747], [110.39064474738194, -7.868387241508533], [110.39073194970473, -7.868374428049079], [110.39081999999999, -7.868370143140502], [110.39090805029525, -7.868374428049079], [110.39099525261803, -7.868387241508533], [110.39108076716232, -7.86840846011747], [110.39116377037625, -7.8684378795278045], [110.39124346289356, -7.868475216412833], [110.39131907723171, -7.868520111195853], [110.3913898851833, -7.868572131513183], [110.39145520482904, -7.868630776378156], [110.39151440710503, -7.8686954810059735], [110.391566921861, -7.8687656222530205], [110.39161224335113, -7.8688405246181645], [110.39164993510474, -7.868919466748307], [110.39167963412957, -7.869001688385493], [110.39170105440783, -7.869086397688703], [110.39171398965048, -7.869172778859762], [110.39171831528411, -7.869260000000001]]]}}, {"id": "12", "type": "Feature", "properties": {"id": "ID_00012", "Name": "JALAN IMOGIRI TIMUR", "timestamp": null, "begin": null, "end": null, "altitudeMode": "clampToGround", "tessellate": -1, "extrude": 0, "visibility": -1, "drawOrder": null, "icon": null, "snippet": "", "FID": "12", "No": "13", "Y": "-7,86898", "X": "110,39073", "Ruas_Jalan": "JALAN IMOGIRI TIMUR", "SRS": "SRS Kerto-Pleret", "Jenis": "APJ PINTAR TENAGA LISTRIK NUANSA BUDAYA SRS", "Posisi": "Kanan", "Foto": "https://drive.google.com/file/d/1iEN_VeUjSm4DcUJzDQ6hESnuwm98cv8Z/view?usp=drive_link"}, "geometry": {"type": "Polygon", "coordinates": [[[110.39162831528411, -7.868979999999999], [110.39162398965048, -7.869067221180797], [110.39161105440783, -7.869153602355855], [110.39158963412957, -7.869238311628021], [110.39155993510474, -7.869320533201967], [110.39152224335113, -7.869399475240701], [110.391476921861, -7.869474377491318], [110.39142440710503, -7.869544518606577], [110.39136520482904, -7.869609223091777], [110.3912998851833, -7.869667867810035], [110.39122907723171, -7.8697198879833365], [110.39115346289356, -7.869764782631563], [110.39107377037627, -7.86980211939708], [110.39099076716232, -7.869831538708513], [110.39090525261803, -7.869852757243519], [110.39081805029525, -7.869865570657283], [110.39072999999999, -7.869869855550403], [110.39064194970473, -7.869865570657283], [110.39055474738194, -7.869852757243519], [110.39046923283766, -7.869831538708513], [110.39038622962373, -7.86980211939708], [110.39030653710643, -7.869764782631563], [110.39023092276827, -7.8697198879833365], [110.39016011481668, -7.869667867810035], [110.39009479517094, -7.869609223091777], [110.39003559289496, -7.869544518606577], [110.38998307813898, -7.869474377491318], [110.38993775664883, -7.869399475240701], [110.38990006489526, -7.869320533201967], [110.38987036587042, -7.869238311628021], [110.38984894559216, -7.869153602355855], [110.38983601034948, -7.869067221180797], [110.38983168471587, -7.868979999999999], [110.38983601034948, -7.868892778800852], [110.38984894559216, -7.868806397571446], [110.38987036587042, -7.868721688211024], [110.38990006489526, -7.868639466518307], [110.38993775664883, -7.868560524334845], [110.38998307813898, -7.868485621919114], [110.39003559289496, -7.868415480624694], [110.39009479517094, -7.868350775953173], [110.39016011481668, -7.8682921310485945], [110.39023092276827, -7.868240110696132], [110.39030653710643, -7.868195215882791], [110.39038622962373, -7.868157878972549], [110.39046923283766, -7.868128459542341], [110.39055474738194, -7.868107240919078], [110.39064194970473, -7.868094427450968], [110.39072999999999, -7.868090142539495], [110.39081805029525, -7.868094427450968], [110.39090525261803, -7.868107240919078], [110.39099076716232, -7.868128459542341], [110.39107377037627, -7.868157878972549], [110.39115346289356, -7.868195215882791], [110.39122907723171, -7.868240110696132], [110.3912998851833, -7.8682921310485945], [110.39136520482904, -7.868350775953173], [110.39142440710503, -7.868415480624694], [110.391476921861, -7.868485621919114], [110.39152224335113, -7.868560524334845], [110.39155993510474, -7.868639466518307], [110.39158963412957, -7.868721688211024], [110.39161105440783, -7.868806397571446], [110.39162398965048, -7.868892778800852], [110.39162831528411, -7.868979999999999]]]}}, {"id": "13", "type": "Feature", "properties": {"id": "ID_00013", "Name": "JALAN IMOGIRI TIMUR", "timestamp": null, "begin": null, "end": null, "altitudeMode": "clampToGround", "tessellate": -1, "extrude": 0, "visibility": -1, "drawOrder": null, "icon": null, "snippet": "", "FID": "13", "No": "14", "Y": "-7,86876", "X": "110,3907", "Ruas_Jalan": "JALAN IMOGIRI TIMUR", "SRS": "SRS Kerto-Pleret", "Jenis": "APJ PINTAR TENAGA LISTRIK NUANSA BUDAYA SRS DAN BOX KWH", "Posisi": "Kanan", "Foto": "https://drive.google.com/file/d/1xYhKQYT5f8vPxfRkjqMclz869RUPYDXv/view?usp=drive_link"}, "geometry": {"type": "Polygon", "coordinates": [[[110.39159831528413, -7.86876], [110.3915939896505, -7.8688472212270835], [110.39158105440782, -7.868933602447984], [110.39155963412956, -7.869018311765103], [110.39152993510474, -7.869100533382685], [110.39149224335115, -7.869179475463315], [110.391446921861, -7.869254377753683], [110.39139440710504, -7.869324518906166], [110.39133520482905, -7.869389223425708], [110.3912698851833, -7.869447868175088], [110.39119907723172, -7.869499888376001], [110.39112346289357, -7.869544783048052], [110.39104377037626, -7.869582119833384], [110.39096076716233, -7.8696115391604335], [110.39087525261805, -7.869632757706702], [110.39078805029526, -7.869645571127264], [110.3907, -7.86964985602266], [110.39061194970473, -7.869645571127264], [110.39052474738196, -7.869632757706702], [110.39043923283766, -7.8696115391604335], [110.39035622962373, -7.869582119833384], [110.39027653710643, -7.869544783048052], [110.39020092276827, -7.869499888376001], [110.39013011481669, -7.869447868175088], [110.39006479517094, -7.869389223425708], [110.39000559289495, -7.869324518906166], [110.38995307813899, -7.869254377753683], [110.38990775664885, -7.869179475463315], [110.38987006489525, -7.869100533382685], [110.38984036587043, -7.869018311765103], [110.38981894559215, -7.868933602447984], [110.3898060103495, -7.8688472212270835], [110.38980168471588, -7.86876], [110.3898060103495, -7.868672778754565], [110.38981894559215, -7.868586397479321], [110.38984036587043, -7.868501688073946], [110.38987006489525, -7.8684194663375955], [110.38990775664885, -7.868340524112246], [110.38995307813899, -7.868265621656766], [110.39000559289495, -7.868195480325126], [110.39006479517094, -7.868130775619272], [110.39013011481669, -7.868072130683573], [110.39020092276827, -7.868020110303507], [110.39027653710643, -7.867975215466342], [110.39035622962373, -7.867937878536289], [110.39043923283766, -7.867908459090471], [110.39052474738196, -7.867887240455949], [110.39061194970473, -7.8678744269810394], [110.3907, -7.867870142067293], [110.39078805029526, -7.8678744269810394], [110.39087525261805, -7.867887240455949], [110.39096076716233, -7.867908459090471], [110.39104377037626, -7.867937878536289], [110.39112346289357, -7.867975215466342], [110.39119907723172, -7.868020110303507], [110.3912698851833, -7.868072130683573], [110.39133520482905, -7.868130775619272], [110.39139440710504, -7.868195480325126], [110.391446921861, -7.868265621656766], [110.39149224335115, -7.868340524112246], [110.39152993510474, -7.8684194663375955], [110.39155963412956, -7.868501688073946], [110.39158105440782, -7.868586397479321], [110.3915939896505, -7.868672778754565], [110.39159831528413, -7.86876]]]}}, {"id": "14", "type": "Feature", "properties": {"id": "ID_00014", "Name": "JALAN IMOGIRI TIMUR", "timestamp": null, "begin": null, "end": null, "altitudeMode": "clampToGround", "tessellate": -1, "extrude": 0, "visibility": -1, "drawOrder": null, "icon": null, "snippet": "", "FID": "14", "No": "15", "Y": "-7,86713", "X": "110,3902", "Ruas_Jalan": "JALAN IMOGIRI TIMUR", "SRS": "SRS Kerto-Pleret", "Jenis": "APJ PINTAR TENAGA LISTRIK NUANSA BUDAYA SRS", "Posisi": "Kiri", "Foto": "https://drive.google.com/file/d/13dSJKrixSt_30B30UdFuMRMdWyHSmkzb/view?usp=drive_link"}, "geometry": {"type": "Polygon", "coordinates": [[[110.39109831528411, -7.86713], [110.39109398965049, -7.867217221569987], [110.39108105440783, -7.867303603130492], [110.39105963412958, -7.867388312780647], [110.39102993510474, -7.867470534721486], [110.39099224335114, -7.867549477112482], [110.390946921861, -7.867624379697337], [110.39089440710504, -7.8676945211255935], [110.39083520482905, -7.8677592258995315], [110.3907698851833, -7.867817870879487], [110.39069907723172, -7.867869891284928], [110.39062346289356, -7.867914786133494], [110.39054377037625, -7.867952123065629], [110.39046076716232, -7.867981542508348], [110.39037525261803, -7.868002761138044], [110.39028805029525, -7.868015574608989], [110.3902, -7.8680198595212305], [110.39011194970473, -7.868015574608989], [110.39002474738196, -7.868002761138044], [110.38993923283766, -7.867981542508348], [110.38985622962373, -7.867952123065629], [110.38977653710643, -7.867914786133494], [110.38970092276827, -7.867869891284928], [110.38963011481668, -7.867817870879487], [110.38956479517094, -7.8677592258995315], [110.38950559289495, -7.8676945211255935], [110.38945307813898, -7.867624379697337], [110.38940775664885, -7.867549477112482], [110.38937006489526, -7.867470534721486], [110.38934036587041, -7.867388312780647], [110.38931894559217, -7.867303603130492], [110.3893060103495, -7.867217221569987], [110.38930168471587, -7.86713], [110.3893060103495, -7.86704277841167], [110.38931894559217, -7.866956396796829], [110.38934036587041, -7.866871687058437], [110.38937006489526, -7.866789464998853], [110.38940775664885, -7.8667105224631655], [110.38945307813898, -7.866635619713231], [110.38950559289495, -7.866565478105857], [110.38956479517094, -7.86650077314564], [110.38963011481668, -7.866442127979407], [110.38970092276827, -7.866390107394844], [110.38977653710643, -7.8663452123812], [110.38985622962373, -7.866307875304373], [110.38993923283766, -7.866278455742911], [110.39002474738196, -7.866257237024977], [110.39011194970473, -7.8662444234997], [110.3902, -7.866240138569111], [110.39028805029525, -7.8662444234997], [110.39037525261803, -7.866257237024977], [110.39046076716232, -7.866278455742911], [110.39054377037625, -7.866307875304373], [110.39062346289356, -7.8663452123812], [110.39069907723172, -7.866390107394844], [110.3907698851833, -7.866442127979407], [110.39083520482905, -7.86650077314564], [110.39089440710504, -7.866565478105857], [110.390946921861, -7.866635619713231], [110.39099224335114, -7.8667105224631655], [110.39102993510474, -7.866789464998853], [110.39105963412958, -7.866871687058437], [110.39108105440783, -7.866956396796829], [110.39109398965049, -7.86704277841167], [110.39109831528411, -7.86713]]]}}, {"id": "15", "type": "Feature", "properties": {"id": "ID_00015", "Name": "JALAN IMOGIRI TIMUR", "timestamp": null, "begin": null, "end": null, "altitudeMode": "clampToGround", "tessellate": -1, "extrude": 0, "visibility": -1, "drawOrder": null, "icon": null, "snippet": "", "FID": "15", "No": "16", "Y": "-7,86686", "X": "110,39014", "Ruas_Jalan": "JALAN IMOGIRI TIMUR", "SRS": "SRS Kerto-Pleret", "Jenis": "APJ PINTAR TENAGA LISTRIK NUANSA BUDAYA SRS", "Posisi": "Kiri", "Foto": "https://drive.google.com/file/d/1u6ByxQfB9SMGStPAWi4av8OZ6CxkZujJ/view?usp=drive_link"}, "geometry": {"type": "Polygon", "coordinates": [[[110.39103831528412, -7.86686], [110.39103398965051, -7.866947221626779], [110.39102105440783, -7.86703360324353], [110.39099963412957, -7.867118312948845], [110.39096993510475, -7.867200534943221], [110.39093224335116, -7.867279477385622], [110.39088692186102, -7.867354380019253], [110.39083440710503, -7.867424521493181], [110.39077520482905, -7.867489226309253], [110.39070988518333, -7.867547871327398], [110.39063907723173, -7.867599891766717], [110.39056346289358, -7.867644786644518], [110.39048377037628, -7.867682123600964], [110.39040076716233, -7.867711543062842], [110.39031525261805, -7.867732761706358], [110.39022805029528, -7.867745575185645], [110.39014000000002, -7.867749860100679], [110.39005194970474, -7.867745575185645], [110.38996474738195, -7.867732761706358], [110.38987923283769, -7.867711543062842], [110.38979622962373, -7.867682123600964], [110.38971653710644, -7.867644786644518], [110.38964092276828, -7.867599891766717], [110.38957011481669, -7.867547871327398], [110.38950479517096, -7.867489226309253], [110.38944559289497, -7.867424521493181], [110.38939307813898, -7.867354380019253], [110.38934775664886, -7.867279477385622], [110.38931006489526, -7.867200534943221], [110.38928036587043, -7.867118312948845], [110.38925894559218, -7.86703360324353], [110.38924601034951, -7.866947221626779], [110.38924168471588, -7.86686], [110.38924601034951, -7.866772778354874], [110.38925894559218, -7.866686396683791], [110.38928036587043, -7.866601686890244], [110.38931006489526, -7.866519464777123], [110.38934775664886, -7.866440522190035], [110.38939307813898, -7.866365619391333], [110.38944559289497, -7.86629547773829], [110.38950479517096, -7.866230772735948], [110.38957011481669, -7.86617212753153], [110.38964092276828, -7.866120106913099], [110.38971653710644, -7.866075211870224], [110.38979622962373, -7.8660378747690896], [110.38987923283769, -7.866008455188472], [110.38996474738195, -7.865987236456724], [110.39005194970474, -7.8659744229231015], [110.39014000000002, -7.8659701379897236], [110.39022805029528, -7.8659744229231015], [110.39031525261805, -7.865987236456724], [110.39040076716233, -7.866008455188472], [110.39048377037628, -7.8660378747690896], [110.39056346289358, -7.866075211870224], [110.39063907723173, -7.866120106913099], [110.39070988518333, -7.86617212753153], [110.39077520482905, -7.866230772735948], [110.39083440710503, -7.86629547773829], [110.39088692186102, -7.866365619391333], [110.39093224335116, -7.866440522190035], [110.39096993510475, -7.866519464777123], [110.39099963412957, -7.866601686890244], [110.39102105440783, -7.866686396683791], [110.39103398965051, -7.866772778354874], [110.39103831528412, -7.86686]]]}}, {"id": "16", "type": "Feature", "properties": {"id": "ID_00016", "Name": "JALAN IMOGIRI TIMUR", "timestamp": null, "begin": null, "end": null, "altitudeMode": "clampToGround", "tessellate": -1, "extrude": 0, "visibility": -1, "drawOrder": null, "icon": null, "snippet": "", "FID": "16", "No": "17", "Y": "-7,86661", "X": "110,39007", "Ruas_Jalan": "JALAN IMOGIRI TIMUR", "SRS": "SRS Kerto-Pleret", "Jenis": "APJ PINTAR TENAGA LISTRIK NUANSA BUDAYA SRS", "Posisi": "Kiri", "Foto": "https://drive.google.com/file/d/1ZYiyMPGpcnzq-0IXLBQOoPHSWLusnRrH/view?usp=drive_link"}, "geometry": {"type": "Polygon", "coordinates": [[[110.39096831528411, -7.866609999999999], [110.39096398965049, -7.866697221679364], [110.39095105440782, -7.86678360334819], [110.39092963412956, -7.866868313104577], [110.39089993510474, -7.866950535148527], [110.39086224335114, -7.867029477638521], [110.39081692186102, -7.867104380317314], [110.39076440710502, -7.867174521833531], [110.39070520482903, -7.867239226688614], [110.3906398851833, -7.867297871742119], [110.39056907723172, -7.867349892212801], [110.39049346289356, -7.867394787117672], [110.39041377037627, -7.867432124096631], [110.39033076716233, -7.867461543576246], [110.39024525261804, -7.867482762232557], [110.39015805029526, -7.867495575719567], [110.39007, -7.867499860637184], [110.38998194970473, -7.867495575719567], [110.38989474738194, -7.867482762232557], [110.38980923283766, -7.867461543576246], [110.38972622962372, -7.867432124096631], [110.38964653710642, -7.867394787117672], [110.38957092276827, -7.867349892212801], [110.38950011481667, -7.867297871742119], [110.38943479517094, -7.867239226688614], [110.38937559289496, -7.867174521833531], [110.38932307813897, -7.867104380317314], [110.38927775664884, -7.867029477638521], [110.38924006489525, -7.866950535148527], [110.38921036587043, -7.866868313104577], [110.38918894559217, -7.86678360334819], [110.38917601034949, -7.866697221679364], [110.38917168471588, -7.866609999999999], [110.38917601034949, -7.866522778302289], [110.38918894559217, -7.86643639657913], [110.38921036587043, -7.866351686734513], [110.38924006489525, -7.8662694645718245], [110.38927775664884, -7.866190521937146], [110.38932307813897, -7.86611561909329], [110.38937559289496, -7.866045477397962], [110.38943479517094, -7.865980772356615], [110.38950011481667, -7.865922127116842], [110.38957092276827, -7.865870106467054], [110.38964653710642, -7.865825211397113], [110.38972622962372, -7.8657878742734715], [110.38980923283766, -7.865758454675121], [110.38989474738194, -7.86573723593058], [110.38998194970473, -7.865724422389237], [110.39007, -7.865720137453274], [110.39015805029526, -7.865724422389237], [110.39024525261804, -7.86573723593058], [110.39033076716233, -7.865758454675121], [110.39041377037627, -7.8657878742734715], [110.39049346289356, -7.865825211397113], [110.39056907723172, -7.865870106467054], [110.3906398851833, -7.865922127116842], [110.39070520482903, -7.865980772356615], [110.39076440710502, -7.866045477397962], [110.39081692186102, -7.86611561909329], [110.39086224335114, -7.866190521937146], [110.39089993510474, -7.8662694645718245], [110.39092963412956, -7.866351686734513], [110.39095105440782, -7.86643639657913], [110.39096398965049, -7.866522778302289], [110.39096831528411, -7.866609999999999]]]}}, {"id": "17", "type": "Feature", "properties": {"id": "ID_00017", "Name": "JALAN IMOGIRI TIMUR", "timestamp": null, "begin": null, "end": null, "altitudeMode": "clampToGround", "tessellate": -1, "extrude": 0, "visibility": -1, "drawOrder": null, "icon": null, "snippet": "", "FID": "17", "No": "18", "Y": "-7,86623", "X": "110,38998", "Ruas_Jalan": "JALAN IMOGIRI TIMUR", "SRS": "SRS Kerto-Pleret", "Jenis": "APJ PINTAR TENAGA LISTRIK NUANSA BUDAYA SRS", "Posisi": "Kiri", "Foto": "https://drive.google.com/file/d/1dT1a9NMgh3cBX0zAtHQ5wNYMBvxCH3op/view?usp=drive_link"}, "geometry": {"type": "Polygon", "coordinates": [[[110.39087831528411, -7.866229999999999], [110.39087398965049, -7.866317221759288], [110.39086105440782, -7.866403603507272], [110.39083963412956, -7.866488313341284], [110.39080993510474, -7.866570535460578], [110.39077224335114, -7.8666494780229135], [110.39072692186102, -7.866724380770346], [110.39067440710502, -7.866794522350844], [110.39061520482903, -7.866859227265222], [110.3905498851833, -7.86691787237247], [110.39047907723172, -7.866969892890825], [110.39040346289356, -7.86701478783684], [110.39032377037627, -7.867052124850016], [110.39024076716233, -7.867081544356594], [110.39015525261804, -7.867102763032346], [110.39006805029526, -7.867115576531102], [110.38998, -7.867119861452646], [110.38989194970473, -7.867115576531102], [110.38980474738194, -7.867102763032346], [110.38971923283766, -7.867081544356594], [110.38963622962372, -7.867052124850016], [110.38955653710643, -7.86701478783684], [110.38948092276827, -7.866969892890825], [110.38941011481667, -7.86691787237247], [110.38934479517094, -7.866859227265222], [110.38928559289496, -7.866794522350844], [110.38923307813897, -7.866724380770346], [110.38918775664884, -7.8666494780229135], [110.38915006489525, -7.866570535460578], [110.38912036587043, -7.866488313341284], [110.38909894559217, -7.866403603507272], [110.3890860103495, -7.866317221759288], [110.38908168471588, -7.866229999999999], [110.3890860103495, -7.866142778222364], [110.38909894559217, -7.866056396420051], [110.38912036587043, -7.865971686497814], [110.38915006489525, -7.8658894642597845], [110.38918775664884, -7.865810521552772], [110.38923307813897, -7.865735618640283], [110.38928559289496, -7.865665476880687], [110.38934479517094, -7.86560077178005], [110.38941011481667, -7.865542126486544], [110.38948092276827, -7.865490105789091], [110.38955653710643, -7.865445210678016], [110.38963622962372, -7.865407873520165], [110.38971923283766, -7.865378453894857], [110.38980474738194, -7.865357235130876], [110.38989194970473, -7.865344421577792], [110.38998, -7.865340136637904], [110.39006805029526, -7.865344421577792], [110.39015525261804, -7.865357235130876], [110.39024076716233, -7.865378453894857], [110.39032377037627, -7.865407873520165], [110.39040346289356, -7.865445210678016], [110.39047907723172, -7.865490105789091], [110.3905498851833, -7.865542126486544], [110.39061520482903, -7.86560077178005], [110.39067440710502, -7.865665476880687], [110.39072692186102, -7.865735618640283], [110.39077224335114, -7.865810521552772], [110.39080993510474, -7.8658894642597845], [110.39083963412956, -7.865971686497814], [110.39086105440782, -7.866056396420051], [110.39087398965049, -7.866142778222364], [110.39087831528411, -7.866229999999999]]]}}, {"id": "18", "type": "Feature", "properties": {"id": "ID_00018", "Name": "JALAN IMOGIRI TIMUR", "timestamp": null, "begin": null, "end": null, "altitudeMode": "clampToGround", "tessellate": -1, "extrude": 0, "visibility": -1, "drawOrder": null, "icon": null, "snippet": "", "FID": "18", "No": "19", "Y": "-7,86593", "X": "110,38989", "Ruas_Jalan": "JALAN IMOGIRI TIMUR", "SRS": "SRS Kerto-Pleret", "Jenis": "APJ PINTAR TENAGA LISTRIK NUANSA BUDAYA SRS DAN BOX KWH", "Posisi": "Kiri", "Foto": "https://drive.google.com/file/d/13Vsy9MoG8Yr2R8M_OTjN_e0tM_fJ3-6P/view?usp=drive_link"}, "geometry": {"type": "Polygon", "coordinates": [[[110.39078831528411, -7.86593], [110.39078398965049, -7.866017221822384], [110.39077105440782, -7.866103603632857], [110.39074963412956, -7.866188313528148], [110.39071993510474, -7.866270535706925], [110.39068224335115, -7.86634947832637], [110.39063692186102, -7.866424381127991], [110.39058440710502, -7.866494522759231], [110.39052520482905, -7.866559227720422], [110.39045988518332, -7.866617872870095], [110.39038907723172, -7.866669893426083], [110.39031346289356, -7.866714788404579], [110.39023377037627, -7.866752125444768], [110.39015076716232, -7.8667815449726275], [110.39006525261804, -7.866802763663732], [110.38997805029526, -7.866815577171758], [110.38989, -7.866819862096401], [110.38980194970473, -7.866815577171758], [110.38971474738194, -7.866802763663732], [110.38962923283768, -7.8667815449726275], [110.38954622962372, -7.866752125444768], [110.38946653710643, -7.866714788404579], [110.38939092276827, -7.866669893426083], [110.38932011481668, -7.866617872870095], [110.38925479517096, -7.866559227720422], [110.38919559289496, -7.866494522759231], [110.38914307813897, -7.866424381127991], [110.38909775664885, -7.86634947832637], [110.38906006489525, -7.866270535706925], [110.38903036587043, -7.866188313528148], [110.38900894559217, -7.866103603632857], [110.3889960103495, -7.866017221822384], [110.38899168471588, -7.86593], [110.3889960103495, -7.8658427781592675], [110.38900894559217, -7.8657563962944685], [110.38903036587043, -7.8656716863109555], [110.38906006489525, -7.865589464013449], [110.38909775664885, -7.865510521249331], [110.38914307813897, -7.865435618282661], [110.38919559289496, -7.865365476472327], [110.38925479517096, -7.865300771324888], [110.38932011481668, -7.865242125988961], [110.38939092276827, -7.8651901052538795], [110.38946653710643, -7.865145210110332], [110.38954622962372, -7.865107872925473], [110.38962923283768, -7.865078453278885], [110.38971474738194, -7.865057234499559], [110.38980194970473, -7.865044420937205], [110.38989, -7.865040135994217], [110.38997805029526, -7.865044420937205], [110.39006525261804, -7.865057234499559], [110.39015076716232, -7.865078453278885], [110.39023377037627, -7.865107872925473], [110.39031346289356, -7.865145210110332], [110.39038907723172, -7.8651901052538795], [110.39045988518332, -7.865242125988961], [110.39052520482905, -7.865300771324888], [110.39058440710502, -7.865365476472327], [110.39063692186102, -7.865435618282661], [110.39068224335115, -7.865510521249331], [110.39071993510474, -7.865589464013449], [110.39074963412956, -7.8656716863109555], [110.39077105440782, -7.8657563962944685], [110.39078398965049, -7.8658427781592675], [110.39078831528411, -7.86593]]]}}, {"id": "19", "type": "Feature", "properties": {"id": "ID_00019", "Name": "JALAN IMOGIRI TIMUR", "timestamp": null, "begin": null, "end": null, "altitudeMode": "clampToGround", "tessellate": -1, "extrude": 0, "visibility": -1, "drawOrder": null, "icon": null, "snippet": "", "FID": "19", "No": "20", "Y": "-7,86568", "X": "110,38982", "Ruas_Jalan": "JALAN IMOGIRI TIMUR", "SRS": "SRS Kerto-Pleret", "Jenis": "APJ PINTAR TENAGA LISTRIK NUANSA BUDAYA SRS", "Posisi": "Kiri", "Foto": "https://drive.google.com/file/d/1qhodFFtLuwl0cLna1POJbCikLuPaqH9Q/view?usp=drive_link"}, "geometry": {"type": "Polygon", "coordinates": [[[110.39071831528412, -7.86568], [110.3907139896505, -7.865767221874961], [110.39070105440783, -7.86585360373751], [110.39067963412957, -7.865938313683864], [110.39064993510475, -7.866020535912209], [110.39061224335116, -7.866099478579244], [110.39056692186102, -7.866174381426017], [110.39051440710503, -7.866244523099544], [110.39045520482905, -7.86630922809974], [110.39038988518332, -7.866367873284769], [110.39031907723172, -7.86641989387212], [110.39024346289357, -7.8664647888776775], [110.39016377037628, -7.866502125940376], [110.39008076716232, -7.866531545485975], [110.38999525261805, -7.86655276418987], [110.38990805029526, -7.866565577705624], [110.38982, -7.866569862632847], [110.38973194970472, -7.866565577705624], [110.38964474738195, -7.86655276418987], [110.38955923283767, -7.866531545485975], [110.38947622962372, -7.866502125940376], [110.38939653710644, -7.8664647888776775], [110.38932092276828, -7.86641989387212], [110.38925011481669, -7.866367873284769], [110.38918479517096, -7.86630922809974], [110.38912559289496, -7.866244523099544], [110.38907307813898, -7.866174381426017], [110.38902775664886, -7.866099478579244], [110.38899006489525, -7.866020535912209], [110.38896036587043, -7.865938313683864], [110.38893894559217, -7.86585360373751], [110.38892601034951, -7.865767221874961], [110.38892168471588, -7.86568], [110.38892601034951, -7.865592778106692], [110.38893894559217, -7.865506396189821], [110.38896036587043, -7.865421686155243], [110.38899006489525, -7.865339463808176], [110.38902775664886, -7.8652605209964745], [110.38907307813898, -7.865185617984655], [110.38912559289496, -7.865115476132042], [110.38918479517096, -7.865050770945599], [110.38925011481669, -7.864992125574327], [110.38932092276828, -7.864940104807887], [110.38939653710644, -7.864895209637279], [110.38947622962372, -7.864857872429915], [110.38955923283767, -7.864828452765595], [110.38964474738195, -7.86480723397348], [110.38973194970472, -7.864794420403403], [110.38982, -7.864790135457832], [110.38990805029526, -7.864794420403403], [110.38999525261805, -7.86480723397348], [110.39008076716232, -7.864828452765595], [110.39016377037628, -7.864857872429915], [110.39024346289357, -7.864895209637279], [110.39031907723172, -7.864940104807887], [110.39038988518332, -7.864992125574327], [110.39045520482905, -7.865050770945599], [110.39051440710503, -7.865115476132042], [110.39056692186102, -7.865185617984655], [110.39061224335116, -7.8652605209964745], [110.39064993510475, -7.865339463808176], [110.39067963412957, -7.865421686155243], [110.39070105440783, -7.865506396189821], [110.3907139896505, -7.865592778106692], [110.39071831528412, -7.86568]]]}}, {"id": "20", "type": "Feature", "properties": {"id": "ID_00020", "Name": "JALAN IMOGIRI TIMUR", "timestamp": null, "begin": null, "end": null, "altitudeMode": "clampToGround", "tessellate": -1, "extrude": 0, "visibility": -1, "drawOrder": null, "icon": null, "snippet": "", "FID": "20", "No": "21", "Y": "-7,86543", "X": "110,38976", "Ruas_Jalan": "JALAN IMOGIRI TIMUR", "SRS": "SRS Kerto-Pleret", "Jenis": "APJ PINTAR TENAGA LISTRIK NUANSA BUDAYA SRS", "Posisi": "Kiri", "Foto": "https://drive.google.com/file/d/1xbYnWnZzfbgRkKzRVCp40a3KYEhOBYrk/view?usp=drive_link"}, "geometry": {"type": "Polygon", "coordinates": [[[110.39065831528411, -7.865429999999999], [110.39065398965049, -7.865517221927541], [110.39064105440782, -7.865603603842157], [110.39061963412956, -7.865688313839576], [110.39058993510473, -7.865770536117484], [110.39055224335114, -7.865849478832109], [110.390506921861, -7.865924381724035], [110.39045440710503, -7.865994523439844], [110.39039520482905, -7.866059228479045], [110.3903298851833, -7.866117873699429], [110.39025907723172, -7.866169894318139], [110.39018346289356, -7.8662147893507655], [110.39010377037626, -7.866252126435972], [110.39002076716233, -7.866281545999304], [110.38993525261803, -7.866302764715993], [110.38984805029526, -7.866315578239468], [110.38976, -7.866319863169278], [110.38967194970473, -7.866315578239468], [110.38958474738196, -7.866302764715993], [110.38949923283766, -7.866281545999304], [110.38941622962372, -7.866252126435972], [110.38933653710643, -7.8662147893507655], [110.38926092276827, -7.866169894318139], [110.38919011481669, -7.866117873699429], [110.38912479517094, -7.866059228479045], [110.38906559289495, -7.865994523439844], [110.38901307813897, -7.865924381724035], [110.38896775664885, -7.865849478832109], [110.38893006489525, -7.865770536117484], [110.38890036587041, -7.865688313839576], [110.38887894559215, -7.865603603842157], [110.3888660103495, -7.865517221927541], [110.38886168471588, -7.865429999999999], [110.3888660103495, -7.865342778054117], [110.38887894559215, -7.865256396085175], [110.38890036587041, -7.86517168599954], [110.38893006489525, -7.865089463602912], [110.38896775664885, -7.865010520743626], [110.38901307813897, -7.8649356176866565], [110.38906559289495, -7.864865475791768], [110.38912479517094, -7.864800770566323], [110.38919011481669, -7.864742125159701], [110.38926092276827, -7.86469010436191], [110.38933653710643, -7.864645209164244], [110.38941622962372, -7.864607871934374], [110.38949923283766, -7.864578452252321], [110.38958474738196, -7.864557233447415], [110.38967194970473, -7.864544419869617], [110.38976, -7.864540134921463], [110.38984805029526, -7.864544419869617], [110.38993525261803, -7.864557233447415], [110.39002076716233, -7.864578452252321], [110.39010377037626, -7.864607871934374], [110.39018346289356, -7.864645209164244], [110.39025907723172, -7.86469010436191], [110.3903298851833, -7.864742125159701], [110.39039520482905, -7.864800770566323], [110.39045440710503, -7.864865475791768], [110.390506921861, -7.8649356176866565], [110.39055224335114, -7.865010520743626], [110.39058993510473, -7.865089463602912], [110.39061963412956, -7.86517168599954], [110.39064105440782, -7.865256396085175], [110.39065398965049, -7.865342778054117], [110.39065831528411, -7.865429999999999]]]}}, {"id": "21", "type": "Feature", "properties": {"id": "ID_00021", "Name": "JALAN SAMAS (SRIGADING)", "timestamp": null, "begin": null, "end": null, "altitudeMode": "clampToGround", "tessellate": -1, "extrude": 0, "visibility": -1, "drawOrder": null, "icon": null, "snippet": "", "FID": "21", "No": "22", "Y": "-7,99577", "X": "110,271317", "Ruas_Jalan": "JALAN SAMAS (SRIGADING)", "SRS": "SRS Pantai Samas-Prantritis", "Jenis": "APJ PINTAR TENAGA LISTRIK NUANSA BUDAYA SRS", "Posisi": "Kiri", "Foto": "https://drive.google.com/file/d/1VuqBwFe5w_1brbOWGKEOPJuDqpLtJabG/view?usp=drive_link"}, "geometry": {"type": "Polygon", "coordinates": [[[110.27221531528411, -7.995769999999999], [110.27221098965049, -7.995857194290984], [110.27219805440782, -7.995943548834908], [110.27217663412956, -7.996028231991106], [110.27214693510474, -7.99611042821578], [110.27210924335114, -7.996189345916092], [110.272063921861, -7.996264225073562], [110.27201140710503, -7.996334344563383], [110.27195220482903, -7.996399029099163], [110.2718868851833, -7.996457655736183], [110.2718160772317, -7.996509659870606], [110.27174046289356, -7.996554540676811], [110.27166077037626, -7.996591865930512], [110.27157776716233, -7.996621276171233], [110.27149225261803, -7.996642488164013], [110.27140505029524, -7.996655297627057], [110.271317, -7.996659581199029], [110.27122894970474, -7.996655297627057], [110.27114174738195, -7.996642488164013], [110.27105623283767, -7.996621276171233], [110.27097322962372, -7.996591865930512], [110.27089353710642, -7.996554540676811], [110.27081792276827, -7.996509659870606], [110.27074711481667, -7.996457655736183], [110.27068179517094, -7.996399029099163], [110.27062259289497, -7.996334344563383], [110.27057007813897, -7.996264225073562], [110.27052475664884, -7.996189345916092], [110.27048706489525, -7.99611042821578], [110.27045736587043, -7.996028231991106], [110.27043594559217, -7.995943548834908], [110.27042301034949, -7.995857194290984], [110.27041868471588, -7.995769999999999], [110.27042301034949, -7.995682805690372], [110.27043594559217, -7.995596451091249], [110.27045736587043, -7.995511767845408], [110.27048706489525, -7.995429571500098], [110.27052475664884, -7.99535065365279], [110.27057007813897, -7.995275774327614], [110.27062259289497, -7.995205654655819], [110.27068179517094, -7.995140969930795], [110.27074711481667, -7.995082343104528], [110.27081792276827, -7.995030338788133], [110.27089353710642, -7.994985457814222], [110.27097322962372, -7.994948132413522], [110.27105623283767, -7.994918722052166], [110.27114174738195, -7.9948975099697455], [110.27122894970474, -7.994884700451501], [110.271317, -7.994880416860889], [110.27140505029524, -7.994884700451501], [110.27149225261803, -7.9948975099697455], [110.27157776716233, -7.994918722052166], [110.27166077037626, -7.994948132413522], [110.27174046289356, -7.994985457814222], [110.2718160772317, -7.995030338788133], [110.2718868851833, -7.995082343104528], [110.27195220482903, -7.995140969930795], [110.27201140710503, -7.995205654655819], [110.272063921861, -7.995275774327614], [110.27210924335114, -7.99535065365279], [110.27214693510474, -7.995429571500098], [110.27217663412956, -7.995511767845408], [110.27219805440782, -7.995596451091249], [110.27221098965049, -7.995682805690372], [110.27221531528411, -7.995769999999999]]]}}, {"id": "22", "type": "Feature", "properties": {"id": "ID_00022", "Name": "JALAN SAMAS (SRIGADING)", "timestamp": null, "begin": null, "end": null, "altitudeMode": "clampToGround", "tessellate": -1, "extrude": 0, "visibility": -1, "drawOrder": null, "icon": null, "snippet": "", "FID": "22", "No": "23", "Y": "-7,995497", "X": "110,271491", "Ruas_Jalan": "JALAN SAMAS (SRIGADING)", "SRS": "SRS Pantai Samas-Prantritis", "Jenis": "APJ PINTAR TENAGA LISTRIK NUANSA BUDAYA SRS", "Posisi": "Kiri", "Foto": "https://drive.google.com/file/d/1ZeUXcPEH0l89g2z_aa-foorKdH-zCSU3/view?usp=drive_link"}, "geometry": {"type": "Polygon", "coordinates": [[[110.2723898152841, -7.995497], [110.27238548965047, -7.995584194349342], [110.27237255440782, -7.995670548951062], [110.27235113412955, -7.995755232163938], [110.27232143510473, -7.995837428443627], [110.27228374335114, -7.995916346196758], [110.272238421861, -7.995991225404342], [110.27218590710503, -7.9960613449411015], [110.27212670482905, -7.9961260295201715], [110.2720613851833, -7.996184656196434], [110.2719905772317, -7.996236660365664], [110.27191496289355, -7.996281541201908], [110.27183527037626, -7.996318866480594], [110.27175226716231, -7.996348276741001], [110.27166675261803, -7.996369488747978], [110.27157955029526, -7.996382298219596], [110.2714915, -7.996386581794434], [110.27140344970472, -7.996382298219596], [110.27131624738193, -7.996369488747978], [110.27123073283767, -7.996348276741001], [110.27114772962372, -7.996318866480594], [110.27106803710642, -7.996281541201908], [110.27099242276826, -7.996236660365664], [110.27092161481667, -7.996184656196434], [110.27085629517094, -7.9961260295201715], [110.27079709289495, -7.9960613449411015], [110.27074457813897, -7.995991225404342], [110.27069925664884, -7.995916346196758], [110.27066156489524, -7.995837428443627], [110.27063186587041, -7.995755232163938], [110.27061044559215, -7.995670548951062], [110.27059751034949, -7.995584194349342], [110.27059318471586, -7.995497], [110.27059751034949, -7.99540980563202], [110.27061044559215, -7.9953234509751], [110.27063186587041, -7.995238767672585], [110.27066156489524, -7.995156571272265], [110.27069925664884, -7.995077653372143], [110.27074457813897, -7.9950027739968546], [110.27079709289495, -7.994932654278134], [110.27085629517094, -7.994867969509819], [110.27092161481667, -7.994809342644323], [110.27099242276826, -7.994757338293125], [110.27106803710642, -7.994712457289176], [110.27114772962372, -7.994675131863498], [110.27123073283767, -7.994645721482462], [110.27131624738193, -7.994624509385848], [110.27140344970472, -7.9946116998590275], [110.2714915, -7.99460741626555], [110.27157955029526, -7.9946116998590275], [110.27166675261803, -7.994624509385848], [110.27175226716231, -7.994645721482462], [110.27183527037626, -7.994675131863498], [110.27191496289355, -7.994712457289176], [110.2719905772317, -7.994757338293125], [110.2720613851833, -7.994809342644323], [110.27212670482905, -7.994867969509819], [110.27218590710503, -7.994932654278134], [110.272238421861, -7.9950027739968546], [110.27228374335114, -7.995077653372143], [110.27232143510473, -7.995156571272265], [110.27235113412955, -7.995238767672585], [110.27237255440782, -7.9953234509751], [110.27238548965047, -7.99540980563202], [110.2723898152841, -7.995497]]]}}, {"id": "23", "type": "Feature", "properties": {"id": "ID_00023", "Name": "JALAN SAMAS (SRIGADING)", "timestamp": null, "begin": null, "end": null, "altitudeMode": "clampToGround", "tessellate": -1, "extrude": 0, "visibility": -1, "drawOrder": null, "icon": null, "snippet": "", "FID": "23", "No": "24", "Y": "-7,995414", "X": "110,271543", "Ruas_Jalan": "JALAN SAMAS (SRIGADING)", "SRS": "SRS Pantai Samas-Prantritis", "Jenis": "APJ PINTAR TENAGA LISTRIK NUANSA BUDAYA SRS", "Posisi": "Kiri", "Foto": "https://drive.google.com/file/d/108so0vaNUafEylVBA6BTg0gp0eFHzpm1/view?usp=drive_link"}, "geometry": {"type": "Polygon", "coordinates": [[[110.27244151528411, -7.995414019999997], [110.2724371896505, -7.995501214367078], [110.27242425440782, -7.995587568986364], [110.27240283412957, -7.995672252216469], [110.27237313510474, -7.995754448512877], [110.27233544335115, -7.9958333662820635], [110.27229012186102, -7.995908245504883], [110.27223760710503, -7.995978365055902], [110.27217840482905, -7.996043049648134], [110.27211308518332, -7.996101676336322], [110.27204227723172, -7.996153680516133], [110.27196666289358, -7.996198561361508], [110.27188697037627, -7.996235886647789], [110.27180396716231, -7.996265296914177], [110.27171845261805, -7.996286508925473], [110.27163125029526, -7.996299318399695], [110.2715432, -7.996303601975404], [110.27145514970474, -7.996299318399695], [110.27136794738195, -7.996286508925473], [110.27128243283767, -7.996265296914177], [110.27119942962372, -7.996235886647789], [110.27111973710643, -7.996198561361508], [110.27104412276827, -7.996153680516133], [110.27097331481669, -7.996101676336322], [110.27090799517096, -7.996043049648134], [110.27084879289497, -7.995978365055902], [110.27079627813897, -7.995908245504883], [110.27075095664885, -7.9958333662820635], [110.27071326489525, -7.995754448512877], [110.27068356587043, -7.995672252216469], [110.27066214559217, -7.995587568986364], [110.2706492103495, -7.995501214367078], [110.27064488471588, -7.995414019999997], [110.2706492103495, -7.99532682561428], [110.27066214559217, -7.995240470939794], [110.27068356587043, -7.995155787620053], [110.27071326489525, -7.995073591203013], [110.27075095664885, -7.994994673286837], [110.27079627813897, -7.994919793896319], [110.27084879289497, -7.994849674163334], [110.27090799517096, -7.994784989381864], [110.27097331481669, -7.994726362504439], [110.27104412276827, -7.994674358142664], [110.27111973710643, -7.994629477129589], [110.27119942962372, -7.9945921516963185], [110.27128243283767, -7.9945627413093], [110.27136794738195, -7.994541529208367], [110.27145514970474, -7.994528719678945], [110.2715432, -7.994524436084597], [110.27163125029526, -7.994528719678945], [110.27171845261805, -7.994541529208367], [110.27180396716231, -7.9945627413093], [110.27188697037627, -7.9945921516963185], [110.27196666289358, -7.994629477129589], [110.27204227723172, -7.994674358142664], [110.27211308518332, -7.994726362504439], [110.27217840482905, -7.994784989381864], [110.27223760710503, -7.994849674163334], [110.27229012186102, -7.994919793896319], [110.27233544335115, -7.994994673286837], [110.27237313510474, -7.995073591203013], [110.27240283412957, -7.995155787620053], [110.27242425440782, -7.995240470939794], [110.2724371896505, -7.99532682561428], [110.27244151528411, -7.995414019999997]]]}}, {"id": "24", "type": "Feature", "properties": {"id": "ID_00024", "Name": "JALAN SAMAS (SRIGADING)", "timestamp": null, "begin": null, "end": null, "altitudeMode": "clampToGround", "tessellate": -1, "extrude": 0, "visibility": -1, "drawOrder": null, "icon": null, "snippet": "", "FID": "24", "No": "25", "Y": "-7,994963", "X": "110,271783", "Ruas_Jalan": "JALAN SAMAS (SRIGADING)", "SRS": "SRS Pantai Samas-Prantritis", "Jenis": "APJ PINTAR TENAGA LISTRIK NUANSA BUDAYA SRS DAN BOX KWH", "Posisi": "Kiri", "Foto": "https://drive.google.com/file/d/1v-YlXOQtgAYb0LZuFWnbHd2qKm7mwjdR/view?usp=drive_link"}, "geometry": {"type": "Polygon", "coordinates": [[[110.27268181528412, -7.99496307], [110.2726774896505, -7.995050264463471], [110.27266455440783, -7.995136619178222], [110.27264313412957, -7.99522130250194], [110.27261343510474, -7.995303498889218], [110.27257574335115, -7.995382416745649], [110.27253042186102, -7.995457296051248], [110.27247790710503, -7.995527415679788], [110.27241870482905, -7.995592100343533], [110.27235338518332, -7.995650727096535], [110.27228257723172, -7.995702731333839], [110.27220696289358, -7.9957476122288345], [110.27212727037627, -7.995784937556379], [110.27204426716233, -7.995814347855284], [110.27195875261805, -7.99583555989003], [110.27187155029526, -7.995848369378414], [110.2717835, -7.9958526529588605], [110.27169544970474, -7.995848369378414], [110.27160824738195, -7.99583555989003], [110.27152273283767, -7.995814347855284], [110.27143972962372, -7.995784937556379], [110.27136003710643, -7.9957476122288345], [110.27128442276829, -7.995702731333839], [110.27121361481669, -7.995650727096535], [110.27114829517096, -7.995592100343533], [110.27108909289495, -7.995527415679788], [110.27103657813898, -7.995457296051248], [110.27099125664886, -7.995382416745649], [110.27095356489525, -7.995303498889218], [110.27092386587043, -7.99522130250194], [110.27090244559217, -7.995136619178222], [110.2708895103495, -7.995050264463471], [110.27088518471588, -7.99496307], [110.2708895103495, -7.994875875517894], [110.27090244559217, -7.994789520747946], [110.27092386587043, -7.994704837334593], [110.27095356489525, -7.99462264082669], [110.27099125664886, -7.99454372282328], [110.27103657813898, -7.994468843349988], [110.27108909289495, -7.994398723539495], [110.27114829517096, -7.994334038686524], [110.27121361481669, -7.994275411744296], [110.27128442276829, -7.994223407325034], [110.27136003710643, -7.994178526262348], [110.27143972962372, -7.994141200787822], [110.27152273283767, -7.994111790368293], [110.27160824738195, -7.994090578243916], [110.27169544970474, -7.994077768700334], [110.2717835, -7.994073485101251], [110.27187155029526, -7.994077768700334], [110.27195875261805, -7.994090578243916], [110.27204426716233, -7.994111790368293], [110.27212727037627, -7.994141200787822], [110.27220696289358, -7.994178526262348], [110.27228257723172, -7.994223407325034], [110.27235338518332, -7.994275411744296], [110.27241870482905, -7.994334038686524], [110.27247790710503, -7.994398723539495], [110.27253042186102, -7.994468843349988], [110.27257574335115, -7.99454372282328], [110.27261343510474, -7.99462264082669], [110.27264313412957, -7.994704837334593], [110.27266455440783, -7.994789520747946], [110.2726774896505, -7.994875875517894], [110.27268181528412, -7.99496307]]]}}, {"id": "25", "type": "Feature", "properties": {"id": "ID_00025", "Name": "JALAN SAMAS (SRIGADING)", "timestamp": null, "begin": null, "end": null, "altitudeMode": "clampToGround", "tessellate": -1, "extrude": 0, "visibility": -1, "drawOrder": null, "icon": null, "snippet": "", "FID": "25", "No": "26", "Y": "-7,994851", "X": "110,271771", "Ruas_Jalan": "JALAN SAMAS (SRIGADING)", "SRS": "SRS Pantai Samas-Prantritis", "Jenis": "APJ PINTAR TENAGA LISTRIK NUANSA BUDAYA SRS", "Posisi": "Kiri", "Foto": "https://drive.google.com/file/d/1iNMjrETxJc5btPfnu56QWesRAA_wBdch/view?usp=drive_link"}, "geometry": {"type": "Polygon", "coordinates": [[[110.27266881528412, -7.994850999999998], [110.2726644896505, -7.994938194487424], [110.27265155440783, -7.995024549225897], [110.27263013412957, -7.995109232572884], [110.27260043510474, -7.995191428982744], [110.27256274335114, -7.995270346860853], [110.27251742186101, -7.995345226187024], [110.27246490710505, -7.995415345834829], [110.27240570482905, -7.995480030516344], [110.27234038518331, -7.995538657285455], [110.27226957723173, -7.995590661537047], [110.27219396289357, -7.995635542444372], [110.27211427037626, -7.995672867782174], [110.27203126716233, -7.995702278089157], [110.27194575261804, -7.9957234901297305], [110.27185855029526, -7.995736299621635], [110.2717705, -7.995740583203259], [110.27168244970474, -7.995736299621635], [110.27159524738197, -7.9957234901297305], [110.27150973283767, -7.995702278089157], [110.27142672962374, -7.995672867782174], [110.27134703710644, -7.995635542444372], [110.27127142276828, -7.995590661537047], [110.27120061481669, -7.995538657285455], [110.27113529517095, -7.995480030516344], [110.27107609289496, -7.995415345834829], [110.271023578139, -7.995345226187024], [110.27097825664886, -7.995270346860853], [110.27094056489526, -7.995191428982744], [110.27091086587042, -7.995109232572884], [110.27088944559216, -7.995024549225897], [110.27087651034951, -7.994938194487424], [110.27087218471587, -7.994850999999998], [110.27087651034951, -7.994763805493938], [110.27088944559216, -7.994677450700268], [110.27091086587042, -7.9945927672636525], [110.27094056489526, -7.994510570733172], [110.27097825664886, -7.99443165270808], [110.271023578139, -7.994356773214217], [110.27107609289496, -7.994286653384464], [110.27113529517095, -7.994221968513722], [110.27120061481669, -7.994163341555388], [110.27127142276828, -7.9941113371218435], [110.27134703710644, -7.994066456046831], [110.27142672962374, -7.994029130562051], [110.27150973283767, -7.993999720134441], [110.27159524738197, -7.993978508004237], [110.27168244970474, -7.9939656984571394], [110.2717705, -7.993961414856879], [110.27185855029526, -7.9939656984571394], [110.27194575261804, -7.993978508004237], [110.27203126716233, -7.993999720134441], [110.27211427037626, -7.994029130562051], [110.27219396289357, -7.994066456046831], [110.27226957723173, -7.9941113371218435], [110.27234038518331, -7.994163341555388], [110.27240570482905, -7.994221968513722], [110.27246490710505, -7.994286653384464], [110.27251742186101, -7.994356773214217], [110.27256274335114, -7.99443165270808], [110.27260043510474, -7.994510570733172], [110.27263013412957, -7.9945927672636525], [110.27265155440783, -7.994677450700268], [110.2726644896505, -7.994763805493938], [110.27266881528412, -7.994850999999998]]]}}, {"id": "26", "type": "Feature", "properties": {"id": "ID_00026", "Name": "JLN. PLAYEN-PALIYAN (CANGKRING )", "timestamp": null, "begin": null, "end": null, "altitudeMode": "clampToGround", "tessellate": -1, "extrude": 0, "visibility": -1, "drawOrder": null, "icon": null, "snippet": "", "FID": "26", "No": "1", "Y": "-7,99548", "X": "110,51904", "Ruas_Jalan": "JLN. PLAYEN-PALIYAN (CANGKRING )", "SRS": "SRS Karst Gunungsewu", "Jenis": "APJ NUANSA BUDAYA TENAGA LISTRIK DAN BOX KWH", "Posisi": "Kiri", "Foto": "https://drive.google.com/file/d/1O0IgsqcBPAuNsR4xrsnVYzUtx-zM2K47/view?usp=drive_link"}, "geometry": {"type": "Polygon", "coordinates": [[[110.51993831528412, -7.99548], [110.51993398965048, -7.995567194352975], [110.51992105440783, -7.995653548958295], [110.51989963412957, -7.995738232174698], [110.51986993510474, -7.995820428457813], [110.51983224335115, -7.995899346214231], [110.51978692186101, -7.9959742254249395], [110.51973440710503, -7.996044344964616], [110.51967520482904, -7.996109029546384], [110.5196098851833, -7.99616765622509], [110.51953907723171, -7.996219660396488], [110.51946346289355, -7.996264541234604], [110.51938377037627, -7.996301866514846], [110.51930076716232, -7.996331276776478], [110.51921525261804, -7.99635248878434], [110.51912805029525, -7.99636529825649], [110.51903999999999, -7.996369581831508], [110.51895194970473, -7.99636529825649], [110.51886474738195, -7.99635248878434], [110.51877923283766, -7.996331276776478], [110.51869622962373, -7.996301866514846], [110.51861653710642, -7.996264541234604], [110.51854092276827, -7.996219660396488], [110.51847011481668, -7.99616765622509], [110.51840479517094, -7.996109029546384], [110.51834559289496, -7.996044344964616], [110.51829307813898, -7.9959742254249395], [110.51824775664885, -7.995899346214231], [110.51821006489526, -7.995820428457813], [110.51818036587042, -7.995738232174698], [110.51815894559216, -7.995653548958295], [110.5181460103495, -7.995567194352975], [110.51814168471589, -7.99548], [110.5181460103495, -7.995392805628384], [110.51815894559216, -7.995306450967867], [110.51818036587042, -7.995221767661821], [110.51821006489526, -7.995139571258076], [110.51824775664885, -7.995060653354664], [110.51829307813898, -7.994985773976256], [110.51834559289496, -7.994915654254612], [110.51840479517094, -7.994850969483607], [110.51847011481668, -7.994792342615662], [110.51854092276827, -7.994740338262297], [110.51861653710642, -7.99469545725648], [110.51869622962373, -7.994658131829247], [110.51877923283766, -7.994628721446983], [110.51886474738195, -7.994607509349485], [110.51895194970473, -7.994594699822133], [110.51903999999999, -7.994590416228477], [110.51912805029525, -7.994594699822133], [110.51921525261804, -7.994607509349485], [110.51930076716232, -7.994628721446983], [110.51938377037627, -7.994658131829247], [110.51946346289355, -7.99469545725648], [110.51953907723171, -7.994740338262297], [110.5196098851833, -7.994792342615662], [110.51967520482904, -7.994850969483607], [110.51973440710503, -7.994915654254612], [110.51978692186101, -7.994985773976256], [110.51983224335115, -7.995060653354664], [110.51986993510474, -7.995139571258076], [110.51989963412957, -7.995221767661821], [110.51992105440783, -7.995306450967867], [110.51993398965048, -7.995392805628384], [110.51993831528412, -7.99548]]]}}, {"id": "27", "type": "Feature", "properties": {"id": "ID_00027", "Name": "JLN. PLAYEN-PALIYAN (CANGKRING )", "timestamp": null, "begin": null, "end": null, "altitudeMode": "clampToGround", "tessellate": -1, "extrude": 0, "visibility": -1, "drawOrder": null, "icon": null, "snippet": "", "FID": "27", "No": "2", "Y": "-7,99571", "X": "110,51892", "Ruas_Jalan": "JLN. PLAYEN-PALIYAN (CANGKRING )", "SRS": "SRS Karst Gunungsewu", "Jenis": "APJ NUANSA BUDAYA TENAGA LISTRIK", "Posisi": "Kiri", "Foto": "https://drive.google.com/file/d/1sqHsNXBuAJptpK9igRZIuafegrfjANI5/view?usp=drive_link"}, "geometry": {"type": "Polygon", "coordinates": [[[110.5198183152841, -7.995709999999998], [110.51981398965049, -7.99579719430381], [110.51980105440781, -7.995883548860436], [110.51977963412955, -7.9959682320290915], [110.51974993510473, -7.996050428265858], [110.51971224335114, -7.996129345977776], [110.519666921861, -7.99620422514626], [110.51961440710501, -7.996274344646398], [110.51955520482903, -7.996339029191693], [110.5194898851833, -7.996397655837339], [110.5194190772317, -7.996449659979411], [110.51934346289356, -7.996494540792218], [110.51926377037626, -7.996531866051413], [110.51918076716231, -7.996561276296459], [110.51909525261803, -7.996582488292358], [110.51900805029524, -7.996595297757286], [110.51891999999998, -7.99659958132989], [110.51883194970473, -7.996595297757286], [110.51874474738193, -7.996582488292358], [110.51865923283766, -7.996561276296459], [110.5185762296237, -7.996531866051413], [110.51849653710642, -7.996494540792218], [110.51842092276827, -7.996449659979411], [110.51835011481667, -7.996397655837339], [110.51828479517094, -7.996339029191693], [110.51822559289495, -7.996274344646398], [110.51817307813896, -7.99620422514626], [110.51812775664884, -7.996129345977776], [110.51809006489523, -7.996050428265858], [110.51806036587041, -7.9959682320290915], [110.51803894559215, -7.995883548860436], [110.51802601034949, -7.99579719430381], [110.51802168471586, -7.995709999999998], [110.51802601034949, -7.995622805677548], [110.51803894559215, -7.995536451065719], [110.51806036587041, -7.995451767807424], [110.51809006489523, -7.9953695714500235], [110.51812775664884, -7.995290653591106], [110.51817307813896, -7.995215774254918], [110.51822559289495, -7.995145654572811], [110.51828479517094, -7.99508096983827], [110.51835011481667, -7.995022343003383], [110.51842092276827, -7.994970338679339], [110.51849653710642, -7.994925457698827], [110.5185762296237, -7.994888132292635], [110.51865923283766, -7.994858721926954], [110.51874474738193, -7.994837509841414], [110.51883194970473, -7.994824700321286], [110.51891999999998, -7.994820416730044], [110.51900805029524, -7.994824700321286], [110.51909525261803, -7.994837509841414], [110.51918076716231, -7.994858721926954], [110.51926377037626, -7.994888132292635], [110.51934346289356, -7.994925457698827], [110.5194190772317, -7.994970338679339], [110.5194898851833, -7.995022343003383], [110.51955520482903, -7.99508096983827], [110.51961440710501, -7.995145654572811], [110.519666921861, -7.995215774254918], [110.51971224335114, -7.995290653591106], [110.51974993510473, -7.9953695714500235], [110.51977963412955, -7.995451767807424], [110.51980105440781, -7.995536451065719], [110.51981398965049, -7.995622805677548], [110.5198183152841, -7.995709999999998]]]}}, {"id": "28", "type": "Feature", "properties": {"id": "ID_00028", "Name": "JLN. PLAYEN-PALIYAN (CANGKRING )", "timestamp": null, "begin": null, "end": null, "altitudeMode": "clampToGround", "tessellate": -1, "extrude": 0, "visibility": -1, "drawOrder": null, "icon": null, "snippet": "", "FID": "28", "No": "3", "Y": "-7,99596", "X": "110,51879", "Ruas_Jalan": "JLN. PLAYEN-PALIYAN (CANGKRING )", "SRS": "SRS Karst Gunungsewu", "Jenis": "APJ NUANSA BUDAYA TENAGA LISTRIK", "Posisi": "Kiri", "Foto": "https://drive.google.com/file/d/1QsGkT0avkGjOOpuBkFHIdEFKG6EINA6S/view?usp=drive_link"}, "geometry": {"type": "Polygon", "coordinates": [[[110.51968831528411, -7.995959999999998], [110.51968398965047, -7.9960471942503695], [110.51967105440782, -7.996133548754068], [110.51964963412956, -7.996218231870819], [110.51961993510473, -7.996300428057206], [110.51958224335112, -7.9963793457207535], [110.51953692186099, -7.996454224843341], [110.51948440710503, -7.9965243443005], [110.51942520482903, -7.996589028806145], [110.51935988518329, -7.996647655415856], [110.5192890772317, -7.996699659526052], [110.51921346289355, -7.996744540311348], [110.51913377037624, -7.996781865547663], [110.51905076716231, -7.996811275774683], [110.51896525261802, -7.99683248775758], [110.51887805029524, -7.996845297214659], [110.51878999999998, -7.996849580784634], [110.51870194970472, -7.996845297214659], [110.51861474738195, -7.99683248775758], [110.51852923283765, -7.996811275774683], [110.51844622962372, -7.996781865547663], [110.51836653710642, -7.996744540311348], [110.51829092276826, -7.996699659526052], [110.51822011481667, -7.996647655415856], [110.51815479517093, -7.996589028806145], [110.51809559289495, -7.9965243443005], [110.51804307813897, -7.996454224843341], [110.51799775664884, -7.9963793457207535], [110.51796006489525, -7.996300428057206], [110.51793036587041, -7.996218231870819], [110.51790894559215, -7.996133548754068], [110.51789601034949, -7.9960471942503695], [110.51789168471586, -7.995959999999998], [110.51789601034949, -7.99587280573099], [110.51790894559215, -7.995786451172089], [110.51793036587041, -7.995701767965694], [110.51796006489525, -7.995619571658669], [110.51799775664884, -7.9955406538481215], [110.51804307813897, -7.995465774557822], [110.51809559289495, -7.9953956549186875], [110.51815479517093, -7.995330970223792], [110.51822011481667, -7.995272343424831], [110.51829092276826, -7.995220339132658], [110.51836653710642, -7.9951754581796495], [110.51844622962372, -7.995138132796334], [110.51852923283765, -7.995108722448679], [110.51861474738195, -7.995087510376135], [110.51870194970472, -7.995074700863857], [110.51878999999998, -7.995070417275241], [110.51887805029524, -7.995074700863857], [110.51896525261802, -7.995087510376135], [110.51905076716231, -7.995108722448679], [110.51913377037624, -7.995138132796334], [110.51921346289355, -7.9951754581796495], [110.5192890772317, -7.995220339132658], [110.51935988518329, -7.995272343424831], [110.51942520482903, -7.995330970223792], [110.51948440710503, -7.9953956549186875], [110.51953692186099, -7.995465774557822], [110.51958224335112, -7.9955406538481215], [110.51961993510473, -7.995619571658669], [110.51964963412956, -7.995701767965694], [110.51967105440782, -7.995786451172089], [110.51968398965047, -7.99587280573099], [110.51968831528411, -7.995959999999998]]]}}, {"id": "29", "type": "Feature", "properties": {"id": "ID_00029", "Name": "JLN. PLAYEN-PALIYAN (CANGKRING )", "timestamp": null, "begin": null, "end": null, "altitudeMode": "clampToGround", "tessellate": -1, "extrude": 0, "visibility": -1, "drawOrder": null, "icon": null, "snippet": "", "FID": "29", "No": "4", "Y": "-7,99623", "X": "110,51864", "Ruas_Jalan": "JLN. PLAYEN-PALIYAN (CANGKRING )", "SRS": "SRS Karst Gunungsewu", "Jenis": "APJ NUANSA BUDAYA TENAGA LISTRIK", "Posisi": "Kiri", "Foto": "https://drive.google.com/file/d/149KFVE5oQI2nlO92ywIuX-N5s04tj7do/view?usp=drive_link"}, "geometry": {"type": "Polygon", "coordinates": [[[110.51953831528411, -7.996229999999996], [110.5195339896505, -7.996317194192649], [110.51952105440782, -7.996403548639184], [110.51949963412956, -7.996488231699878], [110.51946993510474, -7.99657042783185], [110.51943224335115, -7.996649345443156], [110.51938692186101, -7.996724224516173], [110.51933440710503, -7.996794343926914], [110.51927520482904, -7.996859028389738], [110.51920988518332, -7.996917654960638], [110.51913907723171, -7.996969659036406], [110.51906346289357, -7.997014539791992], [110.51898377037627, -7.997051865003595], [110.51890076716234, -7.997081275211144], [110.51881525261804, -7.997102487179999], [110.51872805029527, -7.997115296628596], [110.51864, -7.997119580195736], [110.51855194970474, -7.997115296628596], [110.51846474738194, -7.997102487179999], [110.51837923283767, -7.997081275211144], [110.51829622962372, -7.997051865003595], [110.51821653710643, -7.997014539791992], [110.51814092276828, -7.996969659036406], [110.51807011481668, -7.996917654960638], [110.51800479517095, -7.996859028389738], [110.51794559289496, -7.996794343926914], [110.51789307813897, -7.996724224516173], [110.51784775664885, -7.996649345443156], [110.51781006489524, -7.99657042783185], [110.51778036587042, -7.996488231699878], [110.51775894559216, -7.996403548639184], [110.5177460103495, -7.996317194192649], [110.51774168471587, -7.996229999999996], [110.5177460103495, -7.996142805788708], [110.51775894559216, -7.996056451286966], [110.51778036587042, -7.995971768136627], [110.51781006489524, -7.99588957188401], [110.51784775664885, -7.9958106541257], [110.51789307813897, -7.995735774884966], [110.51794559289496, -7.995665655292244], [110.51800479517095, -7.995600970640161], [110.51807011481668, -7.995542343880008], [110.51814092276828, -7.995490339622255], [110.51821653710643, -7.9954454586989545], [110.51829622962372, -7.995408133340346], [110.51837923283767, -7.995378723012152], [110.51846474738194, -7.995357510953651], [110.51855194970474, -7.995344701449853], [110.51864, -7.995340417864073], [110.51872805029527, -7.995344701449853], [110.51881525261804, -7.995357510953651], [110.51890076716234, -7.995378723012152], [110.51898377037627, -7.995408133340346], [110.51906346289357, -7.9954454586989545], [110.51913907723171, -7.995490339622255], [110.51920988518332, -7.995542343880008], [110.51927520482904, -7.995600970640161], [110.51933440710503, -7.995665655292244], [110.51938692186101, -7.995735774884966], [110.51943224335115, -7.9958106541257], [110.51946993510474, -7.99588957188401], [110.51949963412956, -7.995971768136627], [110.51952105440782, -7.996056451286966], [110.5195339896505, -7.996142805788708], [110.51953831528411, -7.996229999999996]]]}}, {"id": "30", "type": "Feature", "properties": {"id": "ID_00030", "Name": "JLN. PLAYEN-PALIYAN (CANGKRING )", "timestamp": null, "begin": null, "end": null, "altitudeMode": "clampToGround", "tessellate": -1, "extrude": 0, "visibility": -1, "drawOrder": null, "icon": null, "snippet": "", "FID": "30", "No": "5", "Y": "-7,99646", "X": "110,51848", "Ruas_Jalan": "JLN. PLAYEN-PALIYAN (CANGKRING )", "SRS": "SRS Karst Gunungsewu", "Jenis": "APJ NUANSA BUDAYA TENAGA LISTRIK", "Posisi": "Kiri", "Foto": "https://drive.google.com/file/d/1rZ_cHJxc1M9dlF2fUypDhxerxIhYa0kN/view?usp=drive_link"}, "geometry": {"type": "Polygon", "coordinates": [[[110.51937831528411, -7.996460000000001], [110.5193739896505, -7.9965471941434805], [110.51936105440782, -7.99663354854132], [110.51933963412957, -7.99671823155426], [110.51930993510474, -7.996800427639879], [110.51927224335115, -7.996879345206682], [110.51922692186102, -7.996954224237473], [110.51917440710503, -7.997024343608669], [110.51911520482905, -7.997089028035014], [110.51904988518332, -7.997147654572852], [110.51897907723172, -7.997199658619292], [110.51890346289358, -7.997244539349564], [110.51882377037627, -7.9972818645401205], [110.51874076716233, -7.997311274731085], [110.51865525261805, -7.997332486687975], [110.51856805029526, -7.997345296129347], [110.51848, -7.997349579694072], [110.51839194970474, -7.997345296129347], [110.51830474738196, -7.997332486687975], [110.51821923283767, -7.997311274731085], [110.51813622962374, -7.9972818645401205], [110.51805653710643, -7.997244539349564], [110.51798092276829, -7.997199658619292], [110.51791011481669, -7.997147654572852], [110.51784479517096, -7.997089028035014], [110.51778559289497, -7.997024343608669], [110.51773307813899, -7.996954224237473], [110.51768775664885, -7.996879345206682], [110.51765006489525, -7.996800427639879], [110.51762036587043, -7.99671823155426], [110.51759894559217, -7.99663354854132], [110.5175860103495, -7.9965471941434805], [110.51758168471588, -7.996460000000001], [110.5175860103495, -7.996372805837881], [110.51759894559217, -7.996286451384834], [110.51762036587043, -7.996201768282245], [110.51765006489525, -7.996119572075979], [110.51768775664885, -7.99604065436217], [110.51773307813899, -7.995965775163656], [110.51778559289497, -7.995895655610471], [110.51784479517096, -7.995830970994866], [110.51791011481669, -7.995772344267769], [110.51798092276829, -7.995720340039338], [110.51805653710643, -7.995675459141343], [110.51813622962374, -7.99563813380378], [110.51821923283767, -7.995608723492171], [110.51830474738196, -7.99558751144563], [110.51839194970474, -7.995574701949052], [110.51848, -7.995570418365687], [110.51856805029526, -7.995574701949052], [110.51865525261805, -7.99558751144563], [110.51874076716233, -7.995608723492171], [110.51882377037627, -7.99563813380378], [110.51890346289358, -7.995675459141343], [110.51897907723172, -7.995720340039338], [110.51904988518332, -7.995772344267769], [110.51911520482905, -7.995830970994866], [110.51917440710503, -7.995895655610471], [110.51922692186102, -7.995965775163656], [110.51927224335115, -7.99604065436217], [110.51930993510474, -7.996119572075979], [110.51933963412957, -7.996201768282245], [110.51936105440782, -7.996286451384834], [110.5193739896505, -7.996372805837881], [110.51937831528411, -7.996460000000001]]]}}, {"id": "31", "type": "Feature", "properties": {"id": "ID_00031", "Name": "JLN. PLAYEN-PALIYAN (CANGKRING )", "timestamp": null, "begin": null, "end": null, "altitudeMode": "clampToGround", "tessellate": -1, "extrude": 0, "visibility": -1, "drawOrder": null, "icon": null, "snippet": "", "FID": "31", "No": "6", "Y": "-7,99663", "X": "110,51832", "Ruas_Jalan": "JLN. PLAYEN-PALIYAN (CANGKRING )", "SRS": "SRS Karst Gunungsewu", "Jenis": "APJ NUANSA BUDAYA TENAGA LISTRIK", "Posisi": "Kiri", "Foto": "https://drive.google.com/file/d/1Kq-HdghIyxbN4Tvmb5xPyE26JSgZ6Pbo/view?usp=drive_link"}, "geometry": {"type": "Polygon", "coordinates": [[[110.51921831528414, -7.99663], [110.51921398965051, -7.996717194107136], [110.51920105440784, -7.996803548468982], [110.51917963412959, -7.996888231446626], [110.51914993510476, -7.996970427497983], [110.51911224335116, -7.997049345031891], [110.51906692186103, -7.9971242240314675], [110.51901440710505, -7.997194343373438], [110.51895520482906, -7.997259027772818], [110.51888988518333, -7.997317654286216], [110.51881907723173, -7.997369658310982], [110.51874346289358, -7.9974145390225475], [110.51866377037628, -7.997451864197539], [110.51858076716233, -7.997481274376244], [110.51849525261805, -7.997502486324293], [110.51840805029526, -7.997515295760326], [110.51832, -7.997519579323267], [110.51823194970474, -7.997515295760326], [110.51814474738197, -7.997502486324293], [110.51805923283767, -7.997481274376244], [110.51797622962374, -7.997451864197539], [110.51789653710644, -7.9974145390225475], [110.5178209227683, -7.997369658310982], [110.51775011481669, -7.997317654286216], [110.51768479517095, -7.997259027772818], [110.51762559289496, -7.997194343373438], [110.517573078139, -7.9971242240314675], [110.51752775664886, -7.997049345031891], [110.51749006489527, -7.996970427497983], [110.51746036587043, -7.996888231446626], [110.51743894559218, -7.996803548468982], [110.51742601034951, -7.996717194107136], [110.51742168471588, -7.99663], [110.51742601034951, -7.996542805874224], [110.51743894559218, -7.99645645145717], [110.51746036587043, -7.996371768389876], [110.51749006489527, -7.996289572217871], [110.51752775664886, -7.996210654536951], [110.517573078139, -7.996135775369647], [110.51762559289496, -7.996065655845689], [110.51768479517095, -7.9960009712570415], [110.51775011481669, -7.995942344554378], [110.5178209227683, -7.995890340347623], [110.51789653710644, -7.995845459468332], [110.51797622962374, -7.995808134146325], [110.51805923283767, -7.995778723846972], [110.51814474738197, -7.995757511809273], [110.51823194970474, -7.995744702318032], [110.51832, -7.995740418736453], [110.51840805029526, -7.995744702318032], [110.51849525261805, -7.995757511809273], [110.51858076716233, -7.995778723846972], [110.51866377037628, -7.995808134146325], [110.51874346289358, -7.995845459468332], [110.51881907723173, -7.995890340347623], [110.51888988518333, -7.995942344554378], [110.51895520482906, -7.9960009712570415], [110.51901440710505, -7.996065655845689], [110.51906692186103, -7.996135775369647], [110.51911224335116, -7.996210654536951], [110.51914993510476, -7.996289572217871], [110.51917963412959, -7.996371768389876], [110.51920105440784, -7.99645645145717], [110.51921398965051, -7.996542805874224], [110.51921831528414, -7.99663]]]}}, {"id": "32", "type": "Feature", "properties": {"id": "ID_00032", "Name": "JLN. PLAYEN-PALIYAN (CANGKRING )", "timestamp": null, "begin": null, "end": null, "altitudeMode": "clampToGround", "tessellate": -1, "extrude": 0, "visibility": -1, "drawOrder": null, "icon": null, "snippet": "", "FID": "32", "No": "7", "Y": "-7,99681", "X": "110,51807", "Ruas_Jalan": "JLN. PLAYEN-PALIYAN (CANGKRING )", "SRS": "SRS Karst Gunungsewu", "Jenis": "APJ NUANSA BUDAYA TENAGA LISTRIK", "Posisi": "Kiri", "Foto": "https://drive.google.com/file/d/13GAqVA0W_FiHJnCgCMR8zlqx_7AWgHFD/view?usp=drive_link"}, "geometry": {"type": "Polygon", "coordinates": [[[110.51896831528413, -7.996809999999998], [110.5189639896505, -7.996897194068654], [110.51895105440782, -7.996983548392388], [110.51892963412956, -7.997068231332651], [110.51889993510474, -7.997150427347733], [110.51886224335115, -7.997229344846811], [110.51881692186102, -7.997304223813339], [110.51876440710502, -7.997374343124358], [110.51870520482905, -7.997439027495192], [110.5186398851833, -7.997497653982714], [110.51856907723172, -7.997549657984524], [110.51849346289357, -7.99759453867628], [110.51841377037627, -7.997631863834799], [110.51833076716233, -7.997661274000523], [110.51824525261804, -7.99768248593921], [110.51815805029526, -7.997695295369586], [110.51807, -7.997699578930637], [110.51798194970473, -7.997695295369586], [110.51789474738196, -7.99768248593921], [110.51780923283766, -7.997661274000523], [110.51772622962373, -7.997631863834799], [110.51764653710643, -7.99759453867628], [110.51757092276829, -7.997549657984524], [110.51750011481668, -7.997497653982714], [110.51743479517094, -7.997439027495192], [110.51737559289495, -7.997374343124358], [110.51732307813899, -7.997304223813339], [110.51727775664885, -7.997229344846811], [110.51724006489525, -7.997150427347733], [110.51721036587043, -7.997068231332651], [110.51718894559215, -7.996983548392388], [110.5171760103495, -7.996897194068654], [110.51717168471588, -7.996809999999998], [110.5171760103495, -7.996722805912704], [110.51718894559215, -7.99663645153376], [110.51721036587043, -7.996551768503841], [110.51724006489525, -7.996469572368107], [110.51727775664885, -7.99639065472202], [110.51732307813899, -7.99631577558776], [110.51737559289495, -7.996245656094744], [110.51743479517094, -7.996180971534643], [110.51750011481668, -7.996122344857853], [110.51757092276829, -7.996070340674046], [110.51764653710643, -7.99602545981456], [110.51772622962373, -7.995988134509026], [110.51780923283766, -7.995958724222652], [110.51789474738196, -7.995937512194314], [110.51798194970473, -7.995924702708726], [110.51807, -7.995920419129036], [110.51815805029526, -7.995924702708726], [110.51824525261804, -7.995937512194314], [110.51833076716233, -7.995958724222652], [110.51841377037627, -7.995988134509026], [110.51849346289357, -7.99602545981456], [110.51856907723172, -7.996070340674046], [110.5186398851833, -7.996122344857853], [110.51870520482905, -7.996180971534643], [110.51876440710502, -7.996245656094744], [110.51881692186102, -7.99631577558776], [110.51886224335115, -7.99639065472202], [110.51889993510474, -7.996469572368107], [110.51892963412956, -7.996551768503841], [110.51895105440782, -7.99663645153376], [110.5189639896505, -7.996722805912704], [110.51896831528413, -7.996809999999998]]]}}, {"id": "33", "type": "Feature", "properties": {"id": "ID_00033", "Name": "JLN. PLAYEN-PALIYAN (CANGKRING )", "timestamp": null, "begin": null, "end": null, "altitudeMode": "clampToGround", "tessellate": -1, "extrude": 0, "visibility": -1, "drawOrder": null, "icon": null, "snippet": "", "FID": "33", "No": "8", "Y": "-7,99696", "X": "110,51782", "Ruas_Jalan": "JLN. PLAYEN-PALIYAN (CANGKRING )", "SRS": "SRS Karst Gunungsewu", "Jenis": "APJ NUANSA BUDAYA TENAGA LISTRIK", "Posisi": "Kiri", "Foto": "https://drive.google.com/file/d/1w43OveAKFlTjjXG3m1yvpNqh7P5qJOW_/view?usp=drive_link"}, "geometry": {"type": "Polygon", "coordinates": [[[110.5187183152841, -7.99696], [110.5187139896505, -7.997047194036584], [110.51870105440781, -7.997133548328558], [110.51867963412955, -7.997218231237677], [110.51864993510473, -7.997300427222528], [110.51861224335114, -7.997379344692577], [110.518566921861, -7.997454223631564], [110.51851440710502, -7.997524342916794], [110.51845520482904, -7.997589027263834], [110.5183898851833, -7.997647653729792], [110.51831907723171, -7.997699657712474], [110.51824346289357, -7.997744538387721], [110.51816377037625, -7.997781863532514], [110.51808076716232, -7.997811273687418], [110.51799525261804, -7.997832485618301], [110.51790805029525, -7.997845295043967], [110.51781999999999, -7.99784957860344], [110.51773194970473, -7.997845295043967], [110.51764474738194, -7.997832485618301], [110.51755923283766, -7.997811273687418], [110.51747622962371, -7.997781863532514], [110.51739653710642, -7.997744538387721], [110.51732092276826, -7.997699657712474], [110.51725011481668, -7.997647653729792], [110.51718479517093, -7.997589027263834], [110.51712559289494, -7.997524342916794], [110.51707307813896, -7.997454223631564], [110.51702775664884, -7.997379344692577], [110.51699006489524, -7.997300427222528], [110.51696036587042, -7.997218231237677], [110.51693894559214, -7.997133548328558], [110.5169260103495, -7.997047194036584], [110.51692168471587, -7.99696], [110.5169260103495, -7.996872805944771], [110.51693894559214, -7.996786451597592], [110.51696036587042, -7.9967017685988155], [110.51699006489524, -7.996619572493312], [110.51702775664884, -7.996540654876248], [110.51707307813896, -7.9964657757695266], [110.51712559289494, -7.9963956563022975], [110.51718479517093, -7.9963309717659845], [110.51725011481668, -7.996272345110753], [110.51732092276826, -7.996220340946074], [110.51739653710642, -7.996175460103093], [110.51747622962371, -7.996138134811285], [110.51755923283766, -7.996108724535729], [110.51764474738194, -7.996087512515189], [110.51773194970473, -7.996074703034313], [110.51781999999999, -7.996070419456197], [110.51790805029525, -7.996074703034313], [110.51799525261804, -7.996087512515189], [110.51808076716232, -7.996108724535729], [110.51816377037625, -7.996138134811285], [110.51824346289357, -7.996175460103093], [110.51831907723171, -7.996220340946074], [110.5183898851833, -7.996272345110753], [110.51845520482904, -7.9963309717659845], [110.51851440710502, -7.9963956563022975], [110.518566921861, -7.9964657757695266], [110.51861224335114, -7.996540654876248], [110.51864993510473, -7.996619572493312], [110.51867963412955, -7.9967017685988155], [110.51870105440781, -7.996786451597592], [110.5187139896505, -7.996872805944771], [110.5187183152841, -7.99696]]]}}, {"id": "34", "type": "Feature", "properties": {"id": "ID_00034", "Name": "JLN. PLAYEN-PALIYAN (CANGKRING )", "timestamp": null, "begin": null, "end": null, "altitudeMode": "clampToGround", "tessellate": -1, "extrude": 0, "visibility": -1, "drawOrder": null, "icon": null, "snippet": "", "FID": "34", "No": "9", "Y": "-7,99708", "X": "110,51764", "Ruas_Jalan": "JLN. PLAYEN-PALIYAN (CANGKRING )", "SRS": "SRS Karst Gunungsewu", "Jenis": "APJ NUANSA BUDAYA TENAGA LISTRIK", "Posisi": "Kiri", "Foto": "https://drive.google.com/file/d/19d2HeFOxURnvUpaY0vtH5Ke-GnDLFFf3/view?usp=drive_link"}, "geometry": {"type": "Polygon", "coordinates": [[[110.51853831528412, -7.997079999999999], [110.51853398965049, -7.997167194010929], [110.51852105440783, -7.997253548277493], [110.51849963412957, -7.997338231161695], [110.51846993510475, -7.99742042712236], [110.51843224335114, -7.997499344569187], [110.51838692186101, -7.9975742234861436], [110.51833440710503, -7.997644342750739], [110.51827520482904, -7.997709027078745], [110.5182098851833, -7.997767653527452], [110.51813907723171, -7.99781965749483], [110.51806346289356, -7.99786453815687], [110.51798377037626, -7.997901863290679], [110.51790076716232, -7.997931273436928], [110.51781525261804, -7.99795248536157], [110.51772805029525, -7.997965294783469], [110.51763999999999, -7.997969578341681], [110.51755194970472, -7.997965294783469], [110.51746474738195, -7.99795248536157], [110.51737923283765, -7.997931273436928], [110.51729622962372, -7.997901863290679], [110.51721653710642, -7.99786453815687], [110.51714092276828, -7.99781965749483], [110.51707011481668, -7.997767653527452], [110.51700479517093, -7.997709027078745], [110.51694559289494, -7.997644342750739], [110.51689307813898, -7.9975742234861436], [110.51684775664884, -7.997499344569187], [110.51681006489525, -7.99742042712236], [110.51678036587042, -7.997338231161695], [110.51675894559216, -7.997253548277493], [110.5167460103495, -7.997167194010929], [110.51674168471587, -7.997079999999999], [110.5167460103495, -7.99699280597043], [110.51675894559216, -7.996906451648656], [110.51678036587042, -7.996821768674798], [110.51681006489525, -7.996739572593478], [110.51684775664884, -7.996660654999632], [110.51689307813898, -7.996585775914942], [110.51694559289494, -7.996515656468344], [110.51700479517093, -7.996450971951064], [110.51707011481668, -7.99639234531308], [110.51714092276828, -7.996340341163701], [110.51721653710642, -7.996295460333926], [110.51729622962372, -7.996258135053098], [110.51737923283765, -7.996228724786193], [110.51746474738195, -7.9962075127718935], [110.51755194970472, -7.996194703294789], [110.51763999999999, -7.996190419717933], [110.51772805029525, -7.996194703294789], [110.51781525261804, -7.9962075127718935], [110.51790076716232, -7.996228724786193], [110.51798377037626, -7.996258135053098], [110.51806346289356, -7.996295460333926], [110.51813907723171, -7.996340341163701], [110.5182098851833, -7.99639234531308], [110.51827520482904, -7.996450971951064], [110.51833440710503, -7.996515656468344], [110.51838692186101, -7.996585775914942], [110.51843224335114, -7.996660654999632], [110.51846993510475, -7.996739572593478], [110.51849963412957, -7.996821768674798], [110.51852105440783, -7.996906451648656], [110.51853398965049, -7.99699280597043], [110.51853831528412, -7.997079999999999]]]}}, {"id": "35", "type": "Feature", "properties": {"id": "ID_00035", "Name": "JLN. PLAYEN-PALIYAN (CANGKRING )", "timestamp": null, "begin": null, "end": null, "altitudeMode": "clampToGround", "tessellate": -1, "extrude": 0, "visibility": -1, "drawOrder": null, "icon": null, "snippet": "", "FID": "35", "No": "10", "Y": "-7,99721", "X": "110,51742", "Ruas_Jalan": "JLN. PLAYEN-PALIYAN (CANGKRING )", "SRS": "SRS Karst Gunungsewu", "Jenis": "APJ NUANSA BUDAYA TENAGA LISTRIK", "Posisi": "Kiri", "Foto": "https://drive.google.com/file/d/15PWcp9btQIaxNxEhocfiT_Um-q6iWc1J/view?usp=drive_link"}, "geometry": {"type": "Polygon", "coordinates": [[[110.5183183152841, -7.99721], [110.51831398965048, -7.997297193983136], [110.51830105440783, -7.997383548222172], [110.51827963412956, -7.997468231079378], [110.51824993510473, -7.99755042701384], [110.51821224335113, -7.997629344435512], [110.51816692186101, -7.997704223328597], [110.51811440710503, -7.997774342570841], [110.51805520482904, -7.997839026878227], [110.5179898851833, -7.997897653308244], [110.51791907723171, -7.997949657259042], [110.51784346289355, -7.997994537906777], [110.51776377037626, -7.998031863028688], [110.51768076716232, -7.99806127316556], [110.51759525261804, -7.998082485083439], [110.51750805029526, -7.998095294501253], [110.51741999999999, -7.998099578058102], [110.51733194970473, -7.998095294501253], [110.51724474738194, -7.998082485083439], [110.51715923283767, -7.99806127316556], [110.51707622962373, -7.998031863028688], [110.51699653710642, -7.997994537906777], [110.51692092276826, -7.997949657259042], [110.51685011481668, -7.997897653308244], [110.51678479517093, -7.997839026878227], [110.51672559289496, -7.997774342570841], [110.51667307813898, -7.997704223328597], [110.51662775664883, -7.997629344435512], [110.51659006489524, -7.99755042701384], [110.51656036587042, -7.997468231079378], [110.51653894559216, -7.997383548222172], [110.5165260103495, -7.997297193983136], [110.51652168471587, -7.99721], [110.5165260103495, -7.997122805998223], [110.51653894559216, -7.997036451703975], [110.51656036587042, -7.99695176875711], [110.51659006489524, -7.99686957270199], [110.51662775664883, -7.996790655133298], [110.51667307813898, -7.9967157760724765], [110.51672559289496, -7.996645656648228], [110.51678479517093, -7.996580972151563], [110.51685011481668, -7.99652234553227], [110.51692092276826, -7.996470341399463], [110.51699653710642, -7.996425460583991], [110.51707622962373, -7.996388135315062], [110.51715923283767, -7.996358725057531], [110.51724474738194, -7.996337513049994], [110.51733194970473, -7.996324703576968], [110.51741999999999, -7.99632042000148], [110.51750805029526, -7.996324703576968], [110.51759525261804, -7.996337513049994], [110.51768076716232, -7.996358725057531], [110.51776377037626, -7.996388135315062], [110.51784346289355, -7.996425460583991], [110.51791907723171, -7.996470341399463], [110.5179898851833, -7.99652234553227], [110.51805520482904, -7.996580972151563], [110.51811440710503, -7.996645656648228], [110.51816692186101, -7.9967157760724765], [110.51821224335113, -7.996790655133298], [110.51824993510473, -7.99686957270199], [110.51827963412956, -7.99695176875711], [110.51830105440783, -7.997036451703975], [110.51831398965048, -7.997122805998223], [110.5183183152841, -7.99721]]]}}, {"id": "36", "type": "Feature", "properties": {"id": "ID_00036", "Name": "MULO-TEPUS ( BALAI DUSUN PAKEL )", "timestamp": null, "begin": null, "end": null, "altitudeMode": "clampToGround", "tessellate": -1, "extrude": 0, "visibility": -1, "drawOrder": null, "icon": null, "snippet": "", "FID": "36", "No": "11", "Y": "-8,06041", "X": "110,61864", "Ruas_Jalan": "MULO-TEPUS ( BALAI DUSUN PAKEL )", "SRS": "SRS Karst Gunungsewu", "Jenis": "APJ NUANSA BUDAYA TENAGA LISTRIK", "Posisi": "Kanan", "Foto": "https://drive.google.com/file/d/1McNMkRfk0iONCjxu30hesGD3ri9oaS_6/view?usp=drive_link"}, "geometry": {"type": "Polygon", "coordinates": [[[110.61953831528412, -8.06041], [110.61953398965049, -8.060497180417697], [110.61952105440783, -8.060583521221798], [110.61949963412957, -8.06066819090396], [110.61946993510475, -8.060750374050162], [110.61943224335114, -8.060829279193532], [110.61938692186102, -8.060904146436537], [110.61933440710503, -8.060974254769135], [110.61927520482904, -8.0610389290124], [110.61920988518331, -8.061097546320756], [110.61913907723171, -8.061149542180232], [110.61906346289356, -8.061194415844918], [110.61898377037627, -8.061231735159323], [110.61890076716233, -8.061261140720186], [110.61881525261805, -8.061282349337633], [110.61872805029526, -8.061295156762382], [110.61864, -8.061299439652732], [110.61855194970474, -8.061295156762382], [110.61846474738195, -8.061282349337633], [110.61837923283767, -8.061261140720186], [110.61829622962372, -8.061231735159323], [110.61821653710642, -8.061194415844918], [110.61814092276828, -8.061149542180232], [110.61807011481667, -8.061097546320756], [110.61800479517095, -8.0610389290124], [110.61794559289497, -8.060974254769135], [110.61789307813898, -8.060904146436537], [110.61784775664884, -8.060829279193532], [110.61781006489525, -8.060750374050162], [110.61778036587043, -8.06066819090396], [110.61775894559217, -8.060583521221798], [110.61774601034949, -8.060497180417697], [110.61774168471588, -8.06041], [110.61774601034949, -8.06032281956352], [110.61775894559217, -8.060236478703782], [110.61778036587043, -8.060151808931273], [110.61781006489525, -8.060069625663484], [110.61784775664884, -8.059990720371959], [110.61789307813898, -8.059915852959927], [110.61794559289497, -8.059845744443924], [110.61800479517095, -8.059781070009928], [110.61807011481667, -8.059722452510835], [110.61814092276828, -8.059670456467954], [110.61821653710642, -8.059625582634242], [110.61829622962372, -8.059588263171683], [110.61837923283767, -8.059558857489233], [110.61846474738195, -8.059537648781442], [110.61855194970474, -8.059524841301055], [110.61864, -8.05952055839192], [110.61872805029526, -8.059524841301055], [110.61881525261805, -8.059537648781442], [110.61890076716233, -8.059558857489233], [110.61898377037627, -8.059588263171683], [110.61906346289356, -8.059625582634242], [110.61913907723171, -8.059670456467954], [110.61920988518331, -8.059722452510835], [110.61927520482904, -8.059781070009928], [110.61933440710503, -8.059845744443924], [110.61938692186102, -8.059915852959927], [110.61943224335114, -8.059990720371959], [110.61946993510475, -8.060069625663484], [110.61949963412957, -8.060151808931273], [110.61952105440783, -8.060236478703782], [110.61953398965049, -8.06032281956352], [110.61953831528412, -8.06041]]]}}, {"id": "37", "type": "Feature", "properties": {"id": "ID_00037", "Name": "MULO-TEPUS ( BALAI DUSUN PAKEL )", "timestamp": null, "begin": null, "end": null, "altitudeMode": "clampToGround", "tessellate": -1, "extrude": 0, "visibility": -1, "drawOrder": null, "icon": null, "snippet": "", "FID": "37", "No": "12", "Y": "-8,06053", "X": "110,61892", "Ruas_Jalan": "MULO-TEPUS ( BALAI DUSUN PAKEL )", "SRS": "SRS Karst Gunungsewu", "Jenis": "APJ NUANSA BUDAYA TENAGA LISTRIK", "Posisi": "Kanan", "Foto": "https://drive.google.com/file/d/19vuzJqTwdmVwfaWSxwZbOuAG7oYeuW0M/view?usp=drive_link"}, "geometry": {"type": "Polygon", "coordinates": [[[110.61981831528412, -8.06053], [110.6198139896505, -8.060617180391839], [110.61980105440783, -8.06070352117033], [110.61977963412957, -8.06078819082738], [110.61974993510475, -8.060870373949209], [110.61971224335116, -8.06094927906917], [110.61966692186103, -8.06102414628997], [110.61961440710503, -8.061094254601771], [110.61955520482906, -8.06115892882585], [110.61948988518331, -8.06121754611682], [110.61941907723173, -8.061269541960872], [110.61934346289357, -8.061314415612248], [110.61926377037628, -8.061351734915583], [110.61918076716232, -8.061381140467724], [110.61909525261805, -8.061402349078877], [110.61900805029526, -8.061415156499827], [110.61892, -8.061419439388908], [110.61883194970473, -8.061415156499827], [110.61874474738195, -8.061402349078877], [110.61865923283767, -8.061381140467724], [110.61857622962373, -8.061351734915583], [110.61849653710644, -8.061314415612248], [110.61842092276828, -8.061269541960872], [110.61835011481668, -8.06121754611682], [110.61828479517095, -8.06115892882585], [110.61822559289496, -8.061094254601771], [110.61817307813898, -8.06102414628997], [110.61812775664885, -8.06094927906917], [110.61809006489526, -8.060870373949209], [110.61806036587043, -8.06078819082738], [110.61803894559216, -8.06070352117033], [110.61802601034951, -8.060617180391839], [110.61802168471588, -8.06053], [110.61802601034951, -8.060442819589376], [110.61803894559216, -8.06035647875525], [110.61806036587043, -8.060271809007853], [110.61809006489526, -8.060189625764437], [110.61812775664885, -8.060110720496318], [110.61817307813898, -8.06003585310649], [110.61822559289496, -8.059965744611281], [110.61828479517095, -8.059901070196466], [110.61835011481668, -8.059842452714756], [110.61842092276828, -8.059790456687296], [110.61849653710644, -8.059745582866892], [110.61857622962373, -8.059708263415398], [110.61865923283767, -8.059678857741671], [110.61874474738195, -8.059657649040169], [110.61883194970473, -8.059644841563584], [110.61892, -8.059640558655715], [110.61900805029526, -8.059644841563584], [110.61909525261805, -8.059657649040169], [110.61918076716232, -8.059678857741671], [110.61926377037628, -8.059708263415398], [110.61934346289357, -8.059745582866892], [110.61941907723173, -8.059790456687296], [110.61948988518331, -8.059842452714756], [110.61955520482906, -8.059901070196466], [110.61961440710503, -8.059965744611281], [110.61966692186103, -8.06003585310649], [110.61971224335116, -8.060110720496318], [110.61974993510475, -8.060189625764437], [110.61977963412957, -8.060271809007853], [110.61980105440783, -8.06035647875525], [110.6198139896505, -8.060442819589376], [110.61981831528412, -8.06053]]]}}, {"id": "38", "type": "Feature", "properties": {"id": "ID_00038", "Name": "MULO-TEPUS ( BALAI DUSUN PAKEL )", "timestamp": null, "begin": null, "end": null, "altitudeMode": "clampToGround", "tessellate": -1, "extrude": 0, "visibility": -1, "drawOrder": null, "icon": null, "snippet": "", "FID": "38", "No": "13", "Y": "-8,06061", "X": "110,61914", "Ruas_Jalan": "MULO-TEPUS ( BALAI DUSUN PAKEL )", "SRS": "SRS Karst Gunungsewu", "Jenis": "APJ NUANSA BUDAYA TENAGA LISTRIK DAN BOX KWH", "Posisi": "Kanan", "Foto": "https://drive.google.com/file/d/18sctdIxypP4OciLEIFWt5fjUnYTeP9Uu/view?usp=drive_link"}, "geometry": {"type": "Polygon", "coordinates": [[[110.62003831528409, -8.06061], [110.62003398965048, -8.060697180374598], [110.62002105440781, -8.060783521136017], [110.61999963412956, -8.060868190776324], [110.61996993510472, -8.0609503738819], [110.61993224335113, -8.06102927898626], [110.619886921861, -8.061104146192255], [110.61983440710502, -8.06117425449019], [110.61977520482904, -8.061238928701483], [110.6197098851833, -8.061297545980858], [110.61963907723171, -8.061349541814629], [110.61956346289355, -8.06139441545713], [110.61948377037625, -8.061431734753086], [110.61940076716232, -8.061461140299413], [110.61931525261802, -8.061482348906372], [110.61922805029525, -8.061495156324787], [110.61913999999999, -8.06149943921302], [110.61905194970473, -8.061495156324787], [110.61896474738194, -8.061482348906372], [110.61887923283766, -8.061461140299413], [110.61879622962371, -8.061431734753086], [110.61871653710641, -8.06139441545713], [110.61864092276826, -8.061349541814629], [110.61857011481668, -8.061297545980858], [110.61850479517094, -8.061238928701483], [110.61844559289494, -8.06117425449019], [110.61839307813896, -8.061104146192255], [110.61834775664883, -8.06102927898626], [110.61831006489524, -8.0609503738819], [110.6182803658704, -8.060868190776324], [110.61825894559215, -8.060783521136017], [110.61824601034948, -8.060697180374598], [110.61824168471585, -8.06061], [110.61824601034948, -8.060522819606613], [110.61825894559215, -8.06043647878956], [110.6182803658704, -8.060351809058904], [110.61831006489524, -8.060269625831738], [110.61834775664883, -8.06019072057922], [110.61839307813896, -8.060115853204197], [110.61844559289494, -8.06004574472285], [110.61850479517094, -8.059981070320822], [110.61857011481668, -8.059922452850701], [110.61864092276826, -8.059870456833524], [110.61871653710641, -8.059825583021992], [110.61879622962371, -8.059788263577879], [110.61887923283766, -8.059758857909964], [110.61896474738194, -8.059737649212654], [110.61905194970473, -8.059724841738603], [110.61913999999999, -8.059720558831582], [110.61922805029525, -8.059724841738603], [110.61931525261802, -8.059737649212654], [110.61940076716232, -8.059758857909964], [110.61948377037625, -8.059788263577879], [110.61956346289355, -8.059825583021992], [110.61963907723171, -8.059870456833524], [110.6197098851833, -8.059922452850701], [110.61977520482904, -8.059981070320822], [110.61983440710502, -8.06004574472285], [110.619886921861, -8.060115853204197], [110.61993224335113, -8.06019072057922], [110.61996993510472, -8.060269625831738], [110.61999963412956, -8.060351809058904], [110.62002105440781, -8.06043647878956], [110.62003398965048, -8.060522819606613], [110.62003831528409, -8.06061]]]}}, {"id": "39", "type": "Feature", "properties": {"id": "ID_00039", "Name": "MULO-TEPUS ( BALAI DUSUN PAKEL )", "timestamp": null, "begin": null, "end": null, "altitudeMode": "clampToGround", "tessellate": -1, "extrude": 0, "visibility": -1, "drawOrder": null, "icon": null, "snippet": "", "FID": "39", "No": "14", "Y": "-8,06073", "X": "110,61942", "Ruas_Jalan": "MULO-TEPUS ( BALAI DUSUN PAKEL )", "SRS": "SRS Karst Gunungsewu", "Jenis": "APJ NUANSA BUDAYA TENAGA LISTRIK", "Posisi": "Kanan", "Foto": "https://drive.google.com/file/d/1Id4g44h6Skgg4hKTowpyZREoqBL4JvpY/view?usp=drive_link"}, "geometry": {"type": "Polygon", "coordinates": [[[110.62031831528412, -8.060729999999998], [110.6203139896505, -8.06081718034874], [110.62030105440783, -8.060903521084548], [110.62027963412957, -8.060988190699739], [110.62024993510475, -8.061070373780938], [110.62021224335115, -8.061149278861894], [110.62016692186103, -8.06122414604568], [110.62011440710504, -8.061294254322823], [110.62005520482904, -8.061358928514926], [110.61998988518332, -8.061417545776917], [110.61991907723173, -8.061469541595264], [110.61984346289357, -8.061514415224453], [110.61976377037628, -8.061551734509338], [110.61968076716234, -8.06158114004694], [110.61959525261805, -8.06160234864761], [110.61950805029527, -8.061615156062226], [110.61942, -8.06161943894919], [110.61933194970474, -8.061615156062226], [110.61924474738196, -8.06160234864761], [110.61915923283767, -8.06158114004694], [110.61907622962373, -8.061551734509338], [110.61899653710644, -8.061514415224453], [110.61892092276828, -8.061469541595264], [110.61885011481668, -8.061417545776917], [110.61878479517095, -8.061358928514926], [110.61872559289498, -8.061294254322823], [110.61867307813898, -8.06122414604568], [110.61862775664885, -8.061149278861894], [110.61859006489526, -8.061070373780938], [110.61856036587044, -8.060988190699739], [110.61853894559218, -8.060903521084548], [110.61852601034951, -8.06081718034874], [110.61852168471589, -8.060729999999998], [110.61852601034951, -8.060642819632472], [110.61853894559218, -8.060556478841027], [110.61856036587044, -8.060471809135485], [110.61859006489526, -8.060389625932697], [110.61862775664885, -8.06031072070358], [110.61867307813898, -8.06023585335076], [110.61872559289498, -8.060165744890206], [110.61878479517095, -8.06010107050736], [110.61885011481668, -8.060042453054626], [110.61892092276828, -8.05999045705287], [110.61899653710644, -8.059945583254647], [110.61907622962373, -8.059908263821601], [110.61915923283767, -8.059878858162406], [110.61924474738196, -8.059857649471388], [110.61933194970474, -8.059844842001134], [110.61942, -8.059840559095385], [110.61950805029527, -8.059844842001134], [110.61959525261805, -8.059857649471388], [110.61968076716234, -8.059878858162406], [110.61976377037628, -8.059908263821601], [110.61984346289357, -8.059945583254647], [110.61991907723173, -8.05999045705287], [110.61998988518332, -8.060042453054626], [110.62005520482904, -8.06010107050736], [110.62011440710504, -8.060165744890206], [110.62016692186103, -8.06023585335076], [110.62021224335115, -8.06031072070358], [110.62024993510475, -8.060389625932697], [110.62027963412957, -8.060471809135485], [110.62030105440783, -8.060556478841027], [110.6203139896505, -8.060642819632472], [110.62031831528412, -8.060729999999998]]]}}, {"id": "40", "type": "Feature", "properties": {"id": "ID_00040", "Name": "MULO-TEPUS ( BALAI DUSUN PAKEL )", "timestamp": null, "begin": null, "end": null, "altitudeMode": "clampToGround", "tessellate": -1, "extrude": 0, "visibility": -1, "drawOrder": null, "icon": null, "snippet": "", "FID": "40", "No": "15", "Y": "-8,06083", "X": "110,6197", "Ruas_Jalan": "MULO-TEPUS ( BALAI DUSUN PAKEL )", "SRS": "SRS Karst Gunungsewu", "Jenis": "APJ NUANSA BUDAYA TENAGA LISTRIK", "Posisi": "Kanan", "Foto": "https://drive.google.com/file/d/1oJmpz2mp_d0c9igJ-lxQq9wK1fDkeZpP/view?usp=drive_link"}, "geometry": {"type": "Polygon", "coordinates": [[[110.62059831528411, -8.060829999999997], [110.62059398965049, -8.06091718032719], [110.62058105440782, -8.061003521041656], [110.62055963412956, -8.06108819063592], [110.62052993510474, -8.061170373696804], [110.62049224335114, -8.061249278758254], [110.62044692186102, -8.061324145923532], [110.62039440710502, -8.061394254183343], [110.62033520482903, -8.061458928359462], [110.6202698851833, -8.061517545606964], [110.62019907723172, -8.061569541412457], [110.62012346289356, -8.06161441503055], [110.62004377037627, -8.061651734306212], [110.61996076716231, -8.061681139836546], [110.61987525261804, -8.061702348431972], [110.61978805029526, -8.061715155843421], [110.61969999999998, -8.061719438729327], [110.61961194970472, -8.061715155843421], [110.61952474738194, -8.061702348431972], [110.61943923283766, -8.061681139836546], [110.61935622962372, -8.061651734306212], [110.61927653710643, -8.06161441503055], [110.61920092276827, -8.061569541412457], [110.61913011481667, -8.061517545606964], [110.61906479517094, -8.061458928359462], [110.61900559289496, -8.061394254183343], [110.61895307813897, -8.061324145923532], [110.61890775664884, -8.061249278758254], [110.61887006489525, -8.061170373696804], [110.61884036587043, -8.06108819063592], [110.61881894559217, -8.061003521041656], [110.6188060103495, -8.06091718032719], [110.61880168471588, -8.060829999999997], [110.6188060103495, -8.060742819654019], [110.61881894559217, -8.060656478883915], [110.61884036587043, -8.0605718091993], [110.61887006489525, -8.060489626016826], [110.61890775664884, -8.060410720807212], [110.61895307813897, -8.060335853472898], [110.61900559289496, -8.060265745029671], [110.61906479517094, -8.060201070662808], [110.61913011481667, -8.060142453224564], [110.61920092276827, -8.060090457235658], [110.61927653710643, -8.060045583448526], [110.61935622962372, -8.060008264024704], [110.61943923283766, -8.059978858372778], [110.61952474738194, -8.059957649687], [110.61961194970472, -8.059944842219913], [110.61969999999998, -8.059940559315221], [110.61978805029526, -8.059944842219913], [110.61987525261804, -8.059957649687], [110.61996076716231, -8.059978858372778], [110.62004377037627, -8.060008264024704], [110.62012346289356, -8.060045583448526], [110.62019907723172, -8.060090457235658], [110.6202698851833, -8.060142453224564], [110.62033520482903, -8.060201070662808], [110.62039440710502, -8.060265745029671], [110.62044692186102, -8.060335853472898], [110.62049224335114, -8.060410720807212], [110.62052993510474, -8.060489626016826], [110.62055963412956, -8.0605718091993], [110.62058105440782, -8.060656478883915], [110.62059398965049, -8.060742819654019], [110.62059831528411, -8.060829999999997]]]}}, {"id": "41", "type": "Feature", "properties": {"id": "ID_00041", "Name": "MULO-TEPUS (TAMAN DESA HARGOSARI )", "timestamp": null, "begin": null, "end": null, "altitudeMode": "clampToGround", "tessellate": -1, "extrude": 0, "visibility": -1, "drawOrder": null, "icon": null, "snippet": "", "FID": "41", "No": "16", "Y": "-8,05238", "X": "110,61142", "Ruas_Jalan": "MULO-TEPUS (TAMAN DESA HARGOSARI )", "SRS": "SRS Karst Gunungsewu", "Jenis": "APJ NUANSA BUDAYA TENAGA LISTRIK", "Posisi": "Kiri", "Foto": "https://drive.google.com/file/d/1lecDTVwBX40VFQFSV1aaxtDjGvtSDzAX/view?usp=drive_link"}, "geometry": {"type": "Polygon", "coordinates": [[[110.6123183152841, -8.05238], [110.61231398965047, -8.052467182147161], [110.61230105440781, -8.05255352466409], [110.61227963412955, -8.052638196025947], [110.61224993510471, -8.052720380802533], [110.61221224335112, -8.052799287511272], [110.61216692186099, -8.052874156239552], [110.61211440710501, -8.052944265963026], [110.61205520482903, -8.053008941489372], [110.61198988518329, -8.053067559960654], [110.6119190772317, -8.053119556851694], [110.61184346289355, -8.053164431406655], [110.61176377037624, -8.053201751461465], [110.61168076716231, -8.053231157605726], [110.61159525261802, -8.053252366643946], [110.61150805029524, -8.053265174322789], [110.61141999999998, -8.053269457298114], [110.61133194970472, -8.053265174322789], [110.61124474738193, -8.053252366643946], [110.61115923283765, -8.053231157605726], [110.6110762296237, -8.053201751461465], [110.61099653710642, -8.053164431406655], [110.61092092276826, -8.053119556851694], [110.61085011481667, -8.053067559960654], [110.61078479517093, -8.053008941489372], [110.61072559289494, -8.052944265963026], [110.61067307813896, -8.052874156239552], [110.61062775664884, -8.052799287511272], [110.61059006489523, -8.052720380802533], [110.6105603658704, -8.052638196025947], [110.61053894559214, -8.05255352466409], [110.61052601034949, -8.052467182147161], [110.61052168471586, -8.05238], [110.61052601034949, -8.052292817834068], [110.61053894559214, -8.052206475261558], [110.6105603658704, -8.05212180380944], [110.61059006489523, -8.052039618911385], [110.61062775664884, -8.051960712054639], [110.61067307813896, -8.051885843157494], [110.61072559289494, -8.051815733250793], [110.61078479517093, -8.0517510575339], [110.61085011481667, -8.051692438872067], [110.61092092276826, -8.051640441797797], [110.61099653710642, -8.051595567073976], [110.6110762296237, -8.051558246871156], [110.61115923283765, -8.051528840605425], [110.61124474738193, -8.05150763147695], [110.61133194970472, -8.051494823742521], [110.61141999999998, -8.051490540748432], [110.61150805029524, -8.051494823742521], [110.61159525261802, -8.05150763147695], [110.61168076716231, -8.051528840605425], [110.61176377037624, -8.051558246871156], [110.61184346289355, -8.051595567073976], [110.6119190772317, -8.051640441797797], [110.61198988518329, -8.051692438872067], [110.61205520482903, -8.0517510575339], [110.61211440710501, -8.051815733250793], [110.61216692186099, -8.051885843157494], [110.61221224335112, -8.051960712054639], [110.61224993510471, -8.052039618911385], [110.61227963412955, -8.05212180380944], [110.61230105440781, -8.052206475261558], [110.61231398965047, -8.052292817834068], [110.6123183152841, -8.05238]]]}}, {"id": "42", "type": "Feature", "properties": {"id": "ID_00042", "Name": "MULO-TEPUS (TAMAN DESA HARGOSARI )", "timestamp": null, "begin": null, "end": null, "altitudeMode": "clampToGround", "tessellate": -1, "extrude": 0, "visibility": -1, "drawOrder": null, "icon": null, "snippet": "", "FID": "42", "No": "17", "Y": "-8,05251", "X": "110,61173", "Ruas_Jalan": "MULO-TEPUS (TAMAN DESA HARGOSARI )", "SRS": "SRS Karst Gunungsewu", "Jenis": "APJ NUANSA BUDAYA TENAGA LISTRIK", "Posisi": "Kiri", "Foto": "https://drive.google.com/file/d/1VgMU9m8nsd0M4S-xgFvoWPSgdz6FwgY6/view?usp=drive_link"}, "geometry": {"type": "Polygon", "coordinates": [[[110.61262831528411, -8.05251], [110.61262398965049, -8.052597182119177], [110.61261105440782, -8.052683524608389], [110.61258963412956, -8.052768195943067], [110.61255993510474, -8.052850380693272], [110.61252224335115, -8.05292928737668], [110.61247692186102, -8.053004156080927], [110.61242440710502, -8.053074265781895], [110.61236520482905, -8.053138941287475], [110.61229988518332, -8.053197559739942], [110.61222907723172, -8.053249556614292], [110.61215346289356, -8.053294431154846], [110.61207377037627, -8.053331751197673], [110.61199076716231, -8.053361157332496], [110.61190525261804, -8.053382366363907], [110.61181805029526, -8.05339517403864], [110.61173, -8.053399457012587], [110.61164194970472, -8.05339517403864], [110.61155474738194, -8.053382366363907], [110.61146923283766, -8.053361157332496], [110.61138622962372, -8.053331751197673], [110.61130653710643, -8.053294431154846], [110.61123092276827, -8.053249556614292], [110.61116011481668, -8.053197559739942], [110.61109479517096, -8.053138941287475], [110.61103559289495, -8.053074265781895], [110.61098307813897, -8.053004156080927], [110.61093775664885, -8.05292928737668], [110.61090006489525, -8.052850380693272], [110.61087036587043, -8.052768195943067], [110.61084894559217, -8.052683524608389], [110.6108360103495, -8.052597182119177], [110.61083168471588, -8.05251], [110.6108360103495, -8.052422817862054], [110.61084894559217, -8.052336475317261], [110.61087036587043, -8.05225180389232], [110.61090006489525, -8.052169619020646], [110.61093775664885, -8.052090712189226], [110.61098307813897, -8.052015843316115], [110.61103559289495, -8.051945733431914], [110.61109479517096, -8.051881057735782], [110.61116011481668, -8.051822439092762], [110.61123092276827, -8.05177044203518], [110.61130653710643, -8.051725567325763], [110.61138622962372, -8.051688247134923], [110.61146923283766, -8.05165884087863], [110.61155474738194, -8.051637631756961], [110.61164194970472, -8.051624824026643], [110.61173, -8.051620541033929], [110.61181805029526, -8.051624824026643], [110.61190525261804, -8.051637631756961], [110.61199076716231, -8.05165884087863], [110.61207377037627, -8.051688247134923], [110.61215346289356, -8.051725567325763], [110.61222907723172, -8.05177044203518], [110.61229988518332, -8.051822439092762], [110.61236520482905, -8.051881057735782], [110.61242440710502, -8.051945733431914], [110.61247692186102, -8.052015843316115], [110.61252224335115, -8.052090712189226], [110.61255993510474, -8.052169619020646], [110.61258963412956, -8.05225180389232], [110.61261105440782, -8.052336475317261], [110.61262398965049, -8.052422817862054], [110.61262831528411, -8.05251]]]}}, {"id": "43", "type": "Feature", "properties": {"id": "ID_00043", "Name": "MULO-TEPUS (TAMAN DESA HARGOSARI )", "timestamp": null, "begin": null, "end": null, "altitudeMode": "clampToGround", "tessellate": -1, "extrude": 0, "visibility": -1, "drawOrder": null, "icon": null, "snippet": "", "FID": "43", "No": "18", "Y": "-8,05261", "X": "110,61201", "Ruas_Jalan": "MULO-TEPUS (TAMAN DESA HARGOSARI )", "SRS": "SRS Karst Gunungsewu", "Jenis": "APJ NUANSA BUDAYA TENAGA LISTRIK DAN BOX KWH", "Posisi": "Kiri", "Foto": "https://drive.google.com/file/d/17t9PkNYYBVKXOC7DIOPfy19ggPoEFJ59/view?usp=drive_link"}, "geometry": {"type": "Polygon", "coordinates": [[[110.61290831528412, -8.05261], [110.61290398965049, -8.05269718209765], [110.61289105440783, -8.052783524565543], [110.61286963412957, -8.052868195879313], [110.61283993510473, -8.052950380609222], [110.61280224335114, -8.053029287273148], [110.612756921861, -8.053104155958904], [110.61270440710503, -8.05317426564256], [110.61264520482905, -8.053238941132172], [110.61257988518331, -8.053297559570161], [110.61250907723172, -8.053349556431671], [110.61243346289356, -8.053394430961143], [110.61235377037626, -8.053431750994754], [110.61227076716233, -8.053461157122314], [110.61218525261803, -8.053482366148488], [110.61209805029526, -8.05349517382006], [110.61201, -8.053499456792947], [110.61192194970474, -8.05349517382006], [110.61183474738196, -8.053482366148488], [110.61174923283767, -8.053461157122314], [110.61166622962374, -8.053431750994754], [110.61158653710643, -8.053394430961143], [110.61151092276828, -8.053349556431671], [110.61144011481669, -8.053297559570161], [110.61137479517095, -8.053238941132172], [110.61131559289495, -8.05317426564256], [110.61126307813899, -8.053104155958904], [110.61121775664886, -8.053029287273148], [110.61118006489525, -8.052950380609222], [110.61115036587042, -8.052868195879313], [110.61112894559216, -8.052783524565543], [110.6111160103495, -8.05269718209765], [110.61111168471588, -8.05261], [110.6111160103495, -8.052522817883581], [110.61112894559216, -8.052436475360107], [110.61115036587042, -8.052351803956073], [110.61118006489525, -8.052269619104692], [110.61121775664886, -8.052190712292754], [110.61126307813899, -8.052115843438129], [110.61131559289495, -8.052045733571243], [110.61137479517095, -8.051981057891073], [110.61144011481669, -8.05192243926253], [110.61151092276828, -8.051870442217787], [110.61158653710643, -8.051825567519447], [110.61166622962374, -8.051788247337822], [110.61174923283767, -8.051758841088791], [110.61183474738196, -8.051737631972356], [110.61192194970474, -8.051724824245202], [110.61201, -8.051720541253543], [110.61209805029526, -8.051724824245202], [110.61218525261803, -8.051737631972356], [110.61227076716233, -8.051758841088791], [110.61235377037626, -8.051788247337822], [110.61243346289356, -8.051825567519447], [110.61250907723172, -8.051870442217787], [110.61257988518331, -8.05192243926253], [110.61264520482905, -8.051981057891073], [110.61270440710503, -8.052045733571243], [110.612756921861, -8.052115843438129], [110.61280224335114, -8.052190712292754], [110.61283993510473, -8.052269619104692], [110.61286963412957, -8.052351803956073], [110.61289105440783, -8.052436475360107], [110.61290398965049, -8.052522817883581], [110.61290831528412, -8.05261]]]}}, {"id": "44", "type": "Feature", "properties": {"id": "ID_00044", "Name": "MULO-TEPUS (TAMAN DESA HARGOSARI )", "timestamp": null, "begin": null, "end": null, "altitudeMode": "clampToGround", "tessellate": -1, "extrude": 0, "visibility": -1, "drawOrder": null, "icon": null, "snippet": "", "FID": "44", "No": "19", "Y": "-8,05261", "X": "110,61226", "Ruas_Jalan": "MULO-TEPUS (TAMAN DESA HARGOSARI )", "SRS": "SRS Karst Gunungsewu", "Jenis": "APJ NUANSA BUDAYA TENAGA LISTRIK", "Posisi": "Kiri", "Foto": "https://drive.google.com/file/d/1mtia9TwTiDBiRHSmGdbxhFHcCQyaqZj9/view?usp=drive_link"}, "geometry": {"type": "Polygon", "coordinates": [[[110.61315831528414, -8.05261], [110.61315398965051, -8.05269718209765], [110.61314105440785, -8.052783524565543], [110.61311963412959, -8.052868195879313], [110.61308993510475, -8.052950380609222], [110.61305224335116, -8.053029287273148], [110.61300692186101, -8.053104155958904], [110.61295440710505, -8.05317426564256], [110.61289520482906, -8.053238941132172], [110.61282988518332, -8.053297559570161], [110.61275907723173, -8.053349556431671], [110.61268346289357, -8.053394430961143], [110.61260377037627, -8.053431750994754], [110.61252076716234, -8.053461157122314], [110.61243525261806, -8.053482366148488], [110.61234805029527, -8.05349517382006], [110.61226, -8.053499456792947], [110.61217194970475, -8.05349517382006], [110.61208474738197, -8.053482366148488], [110.61199923283768, -8.053461157122314], [110.61191622962374, -8.053431750994754], [110.61183653710644, -8.053394430961143], [110.61176092276828, -8.053349556431671], [110.6116901148167, -8.053297559570161], [110.61162479517095, -8.053238941132172], [110.61156559289496, -8.05317426564256], [110.611513078139, -8.053104155958904], [110.61146775664886, -8.053029287273148], [110.61143006489526, -8.052950380609222], [110.61140036587042, -8.052868195879313], [110.61137894559216, -8.052783524565543], [110.61136601034951, -8.05269718209765], [110.61136168471589, -8.05261], [110.61136601034951, -8.052522817883581], [110.61137894559216, -8.052436475360107], [110.61140036587042, -8.052351803956073], [110.61143006489526, -8.052269619104692], [110.61146775664886, -8.052190712292754], [110.611513078139, -8.052115843438129], [110.61156559289496, -8.052045733571243], [110.61162479517095, -8.051981057891073], [110.6116901148167, -8.05192243926253], [110.61176092276828, -8.051870442217787], [110.61183653710644, -8.051825567519447], [110.61191622962374, -8.051788247337822], [110.61199923283768, -8.051758841088791], [110.61208474738197, -8.051737631972356], [110.61217194970475, -8.051724824245202], [110.61226, -8.051720541253543], [110.61234805029527, -8.051724824245202], [110.61243525261806, -8.051737631972356], [110.61252076716234, -8.051758841088791], [110.61260377037627, -8.051788247337822], [110.61268346289357, -8.051825567519447], [110.61275907723173, -8.051870442217787], [110.61282988518332, -8.05192243926253], [110.61289520482906, -8.051981057891073], [110.61295440710505, -8.052045733571243], [110.61300692186101, -8.052115843438129], [110.61305224335116, -8.052190712292754], [110.61308993510475, -8.052269619104692], [110.61311963412959, -8.052351803956073], [110.61314105440785, -8.052436475360107], [110.61315398965051, -8.052522817883581], [110.61315831528414, -8.05261]]]}}, {"id": "45", "type": "Feature", "properties": {"id": "ID_00045", "Name": "MULO-TEPUS (TAMAN DESA HARGOSARI )", "timestamp": null, "begin": null, "end": null, "altitudeMode": "clampToGround", "tessellate": -1, "extrude": 0, "visibility": -1, "drawOrder": null, "icon": null, "snippet": "", "FID": "45", "No": "20", "Y": "-8,05268", "X": "110,61251", "Ruas_Jalan": "MULO-TEPUS (TAMAN DESA HARGOSARI )", "SRS": "SRS Karst Gunungsewu", "Jenis": "APJ NUANSA BUDAYA TENAGA LISTRIK", "Posisi": "Kiri", "Foto": "https://drive.google.com/file/d/1fZd3WDpmbsxPtlcYdpZB6r3GkIe0OMsY/view?usp=drive_link"}, "geometry": {"type": "Polygon", "coordinates": [[[110.61340831528412, -8.05268], [110.61340398965051, -8.05276718208258], [110.61339105440783, -8.05285352453555], [110.61336963412957, -8.052938195834685], [110.61333993510475, -8.05302038055039], [110.61330224335116, -8.053099287200672], [110.61325692186102, -8.05317415587349], [110.61320440710503, -8.053244265545025], [110.61314520482905, -8.053308941023458], [110.61307988518331, -8.053367559451315], [110.61300907723172, -8.053419556303835], [110.61293346289358, -8.05346443082555], [110.61285377037628, -8.053501750852709], [110.61277076716233, -8.053531156975186], [110.61268525261805, -8.053552365997694], [110.61259805029526, -8.05356517366705], [110.61251, -8.0535694566392], [110.61242194970474, -8.05356517366705], [110.61233474738195, -8.053552365997694], [110.61224923283767, -8.053531156975186], [110.61216622962372, -8.053501750852709], [110.61208653710644, -8.05346443082555], [110.61201092276829, -8.053419556303835], [110.61194011481669, -8.053367559451315], [110.61187479517095, -8.053308941023458], [110.61181559289496, -8.053244265545025], [110.61176307813898, -8.05317415587349], [110.61171775664886, -8.053099287200672], [110.61168006489525, -8.05302038055039], [110.61165036587043, -8.052938195834685], [110.61162894559216, -8.05285352453555], [110.61161601034951, -8.05276718208258], [110.61161168471588, -8.05268], [110.61161601034951, -8.052592817898653], [110.61162894559216, -8.052506475390102], [110.61165036587043, -8.052421804000703], [110.61168006489525, -8.052339619163526], [110.61171775664886, -8.052260712365227], [110.61176307813898, -8.052185843523542], [110.61181559289496, -8.052115733668773], [110.61187479517095, -8.052051057999781], [110.61194011481669, -8.051992439381369], [110.61201092276829, -8.051940442345613], [110.61208653710644, -8.051895567655029], [110.61216622962372, -8.051858247479855], [110.61224923283767, -8.051828841235904], [110.61233474738195, -8.051807632123136], [110.61242194970474, -8.051794824398195], [110.61251, -8.051790541407277], [110.61259805029526, -8.051794824398195], [110.61268525261805, -8.051807632123136], [110.61277076716233, -8.051828841235904], [110.61285377037628, -8.051858247479855], [110.61293346289358, -8.051895567655029], [110.61300907723172, -8.051940442345613], [110.61307988518331, -8.051992439381369], [110.61314520482905, -8.052051057999781], [110.61320440710503, -8.052115733668773], [110.61325692186102, -8.052185843523542], [110.61330224335116, -8.052260712365227], [110.61333993510475, -8.052339619163526], [110.61336963412957, -8.052421804000703], [110.61339105440783, -8.052506475390102], [110.61340398965051, -8.052592817898653], [110.61340831528412, -8.05268]]]}}, {"id": "46", "type": "Feature", "properties": {"id": "ID_00046", "Name": "MULO-TEPUS ( PASAR MENTEL )", "timestamp": null, "begin": null, "end": null, "altitudeMode": "clampToGround", "tessellate": -1, "extrude": 0, "visibility": -1, "drawOrder": null, "icon": null, "snippet": "", "FID": "46", "No": "21", "Y": "-8,05473", "X": "110,61501", "Ruas_Jalan": "MULO-TEPUS ( PASAR MENTEL )", "SRS": "SRS Karst Gunungsewu", "Jenis": "APJ NUANSA BUDAYA TENAGA LISTRIK DAN BOX KWH", "Posisi": "Kanan", "Foto": "https://drive.google.com/file/d/1Lupv0Pm0zaq6dSlHg5gM-10vYtOemErf/view?usp=drive_link"}, "geometry": {"type": "Polygon", "coordinates": [[[110.61590831528413, -8.05473], [110.6159039896505, -8.054817181641205], [110.61589105440783, -8.054903523657046], [110.61586963412957, -8.054988194527509], [110.61583993510474, -8.055070378827127], [110.61580224335115, -8.055149285077917], [110.61575692186102, -8.055224153371679], [110.61570440710504, -8.055294262688252], [110.61564520482905, -8.055358937839232], [110.61557988518332, -8.055417555970301], [110.61550907723172, -8.05546955255956], [110.61543346289358, -8.055514426854067], [110.61535377037627, -8.055551746692272], [110.61527076716233, -8.05558115266586], [110.61518525261805, -8.055602361580982], [110.61509805029526, -8.05561516918549], [110.61501, -8.055619452135955], [110.61492194970474, -8.05561516918549], [110.61483474738196, -8.055602361580982], [110.61474923283767, -8.05558115266586], [110.61466622962374, -8.055551746692272], [110.61458653710643, -8.055514426854067], [110.61451092276829, -8.05546955255956], [110.61444011481669, -8.055417555970301], [110.61437479517096, -8.055358937839232], [110.61431559289497, -8.055294262688252], [110.61426307813899, -8.055224153371679], [110.61421775664886, -8.055149285077917], [110.61418006489525, -8.055070378827127], [110.61415036587043, -8.054988194527509], [110.61412894559217, -8.054903523657046], [110.6141160103495, -8.054817181641205], [110.61411168471588, -8.05473], [110.6141160103495, -8.054642818340017], [110.61412894559217, -8.054556476268582], [110.61415036587043, -8.054471805307834], [110.61418006489525, -8.054389620886713], [110.61421775664886, -8.054310714487873], [110.61426307813899, -8.054235846025199], [110.61431559289497, -8.054165736525345], [110.61437479517096, -8.054101061183761], [110.61444011481669, -8.054042442862087], [110.61451092276829, -8.053990446089552], [110.61458653710643, -8.053945571626132], [110.61466622962374, -8.053908251639875], [110.61474923283767, -8.053878845544785], [110.61483474738196, -8.053857636539378], [110.61492194970474, -8.053844828879273], [110.61501, -8.053840545910033], [110.61509805029526, -8.053844828879273], [110.61518525261805, -8.053857636539378], [110.61527076716233, -8.053878845544785], [110.61535377037627, -8.053908251639875], [110.61543346289358, -8.053945571626132], [110.61550907723172, -8.053990446089552], [110.61557988518332, -8.054042442862087], [110.61564520482905, -8.054101061183761], [110.61570440710504, -8.054165736525345], [110.61575692186102, -8.054235846025199], [110.61580224335115, -8.054310714487873], [110.61583993510474, -8.054389620886713], [110.61586963412957, -8.054471805307834], [110.61589105440783, -8.054556476268582], [110.6159039896505, -8.054642818340017], [110.61590831528413, -8.05473]]]}}, {"id": "47", "type": "Feature", "properties": {"id": "ID_00047", "Name": "MULO-TEPUS ( PASAR MENTEL )", "timestamp": null, "begin": null, "end": null, "altitudeMode": "clampToGround", "tessellate": -1, "extrude": 0, "visibility": -1, "drawOrder": null, "icon": null, "snippet": "", "FID": "47", "No": "22", "Y": "-8,05503", "X": "110,61529", "Ruas_Jalan": "MULO-TEPUS ( PASAR MENTEL )", "SRS": "SRS Karst Gunungsewu", "Jenis": "APJ NUANSA BUDAYA TENAGA LISTRIK", "Posisi": "Kanan", "Foto": "https://drive.google.com/file/d/13POuTENAOmYeurQe1N4PjmbWxVXsGhBN/view?usp=drive_link"}, "geometry": {"type": "Polygon", "coordinates": [[[110.6161883152841, -8.05503], [110.6161839896505, -8.055117181576607], [110.61617105440781, -8.055203523528467], [110.61614963412956, -8.05528819433619], [110.61611993510473, -8.055370378574906], [110.61608224335114, -8.055449284767226], [110.61603692186101, -8.05552415300551], [110.61598440710502, -8.055594262270132], [110.61592520482904, -8.055658937373183], [110.61585988518331, -8.055717555460813], [110.61578907723171, -8.055769552011538], [110.61571346289357, -8.055814426272795], [110.61563377037626, -8.05585174608334], [110.61555076716232, -8.05588115203514], [110.61546525261804, -8.055902360934542], [110.61537805029525, -8.055915168529562], [110.61528999999999, -8.055919451476852], [110.61520194970473, -8.055915168529562], [110.61511474738195, -8.055902360934542], [110.61502923283766, -8.05588115203514], [110.61494622962373, -8.05585174608334], [110.61486653710642, -8.055814426272795], [110.61479092276828, -8.055769552011538], [110.61472011481668, -8.055717555460813], [110.61465479517094, -8.055658937373183], [110.61459559289494, -8.055594262270132], [110.61454307813898, -8.05552415300551], [110.61449775664884, -8.055449284767226], [110.61446006489524, -8.055370378574906], [110.61443036587042, -8.05528819433619], [110.61440894559215, -8.055203523528467], [110.6143960103495, -8.055117181576607], [110.61439168471587, -8.05503], [110.6143960103495, -8.054942818404621], [110.61440894559215, -8.05485647639716], [110.61443036587042, -8.05477180549915], [110.61446006489524, -8.054689621138929], [110.61449775664884, -8.05461071479855], [110.61454307813898, -8.05453584639135], [110.61459559289494, -8.054465736943442], [110.61465479517094, -8.05440106164978], [110.61472011481668, -8.054342443371539], [110.61479092276828, -8.054290446637527], [110.61486653710642, -8.054245572207355], [110.61494622962373, -8.054208252248749], [110.61502923283766, -8.054178846175446], [110.61511474738195, -8.054157637185751], [110.61520194970473, -8.054144829535135], [110.61528999999999, -8.054140546569073], [110.61537805029525, -8.054144829535135], [110.61546525261804, -8.054157637185751], [110.61555076716232, -8.054178846175446], [110.61563377037626, -8.054208252248749], [110.61571346289357, -8.054245572207355], [110.61578907723171, -8.054290446637527], [110.61585988518331, -8.054342443371539], [110.61592520482904, -8.05440106164978], [110.61598440710502, -8.054465736943442], [110.61603692186101, -8.05453584639135], [110.61608224335114, -8.05461071479855], [110.61611993510473, -8.054689621138929], [110.61614963412956, -8.05477180549915], [110.61617105440781, -8.05485647639716], [110.6161839896505, -8.054942818404621], [110.6161883152841, -8.05503]]]}}, {"id": "48", "type": "Feature", "properties": {"id": "ID_00048", "Name": "MULO-TEPUS ( PASAR MENTEL )", "timestamp": null, "begin": null, "end": null, "altitudeMode": "clampToGround", "tessellate": -1, "extrude": 0, "visibility": -1, "drawOrder": null, "icon": null, "snippet": "", "FID": "48", "No": "23", "Y": "-8,05516", "X": "110,61554", "Ruas_Jalan": "MULO-TEPUS ( PASAR MENTEL )", "SRS": "SRS Karst Gunungsewu", "Jenis": "APJ NUANSA BUDAYA TENAGA LISTRIK", "Posisi": "Kanan", "Foto": "https://drive.google.com/file/d/1CZdtQISY16tqa3jXe24k9UjpyQJfOvvY/view?usp=drive_link"}, "geometry": {"type": "Polygon", "coordinates": [[[110.61643831528413, -8.055159999999999], [110.6164339896505, -8.055247181548612], [110.61642105440784, -8.05533352347275], [110.61639963412958, -8.055418194253283], [110.61636993510476, -8.05550037846561], [110.61633224335115, -8.05557928463259], [110.61628692186102, -8.055654152846833], [110.61623440710504, -8.055724262088939], [110.61617520482905, -8.05578893717122], [110.61610988518332, -8.055847555240026], [110.61603907723172, -8.055899551774054], [110.61596346289357, -8.0559444260209], [110.61588377037627, -8.055981745819462], [110.61580076716233, -8.056011151761817], [110.61571525261805, -8.05603236065441], [110.61562805029526, -8.056045168245314], [110.61554, -8.05604945119123], [110.61545194970473, -8.056045168245314], [110.61536474738196, -8.05603236065441], [110.61527923283766, -8.056011151761817], [110.61519622962373, -8.055981745819462], [110.61511653710643, -8.0559444260209], [110.61504092276829, -8.055899551774054], [110.61497011481669, -8.055847555240026], [110.61490479517096, -8.05578893717122], [110.61484559289497, -8.055724262088939], [110.61479307813899, -8.055654152846833], [110.61474775664885, -8.05557928463259], [110.61471006489526, -8.05550037846561], [110.61468036587043, -8.055418194253283], [110.61465894559217, -8.05533352347275], [110.6146460103495, -8.055247181548612], [110.61464168471588, -8.055159999999999], [110.6146460103495, -8.055072818432615], [110.61465894559217, -8.054986476452878], [110.61468036587043, -8.054901805582055], [110.61471006489526, -8.05481962124822], [110.61474775664885, -8.05474071493318], [110.61479307813899, -8.054665846550018], [110.61484559289497, -8.054595737124622], [110.61490479517096, -8.054531061851726], [110.61497011481669, -8.054472443592307], [110.61504092276829, -8.054420446874989], [110.61511653710643, -8.054375572459223], [110.61519622962373, -8.0543382525126], [110.61527923283766, -8.05430884644874], [110.61536474738196, -8.054287637465855], [110.61545194970473, -8.05427482981935], [110.61554, -8.054270546854662], [110.61562805029526, -8.05427482981935], [110.61571525261805, -8.054287637465855], [110.61580076716233, -8.05430884644874], [110.61588377037627, -8.0543382525126], [110.61596346289357, -8.054375572459223], [110.61603907723172, -8.054420446874989], [110.61610988518332, -8.054472443592307], [110.61617520482905, -8.054531061851726], [110.61623440710504, -8.054595737124622], [110.61628692186102, -8.054665846550018], [110.61633224335115, -8.05474071493318], [110.61636993510476, -8.05481962124822], [110.61639963412958, -8.054901805582055], [110.61642105440784, -8.054986476452878], [110.6164339896505, -8.055072818432615], [110.61643831528413, -8.055159999999999]]]}}, {"id": "49", "type": "Feature", "properties": {"id": "ID_00049", "Name": "MULO-TEPUS ( PASAR MENTEL )", "timestamp": null, "begin": null, "end": null, "altitudeMode": "clampToGround", "tessellate": -1, "extrude": 0, "visibility": -1, "drawOrder": null, "icon": null, "snippet": "", "FID": "49", "No": "24", "Y": "-8,05531", "X": "110,61573", "Ruas_Jalan": "MULO-TEPUS ( PASAR MENTEL )", "SRS": "SRS Karst Gunungsewu", "Jenis": "APJ NUANSA BUDAYA TENAGA LISTRIK", "Posisi": "Kanan", "Foto": "https://drive.google.com/file/d/1udTRQmF9QsX7ON1nmntYPo4fbqwGJF1q/view?usp=drive_link"}, "geometry": {"type": "Polygon", "coordinates": [[[110.61662831528412, -8.05531], [110.61662398965049, -8.05539718151631], [110.61661105440783, -8.055483523408455], [110.61658963412957, -8.055568194157615], [110.61655993510473, -8.055650378339491], [110.61652224335114, -8.055729284477236], [110.61647692186101, -8.055804152663736], [110.61642440710503, -8.055874261879866], [110.61636520482904, -8.055938936938183], [110.6162998851833, -8.05599755498527], [110.61622907723171, -8.056049551500033], [110.61615346289356, -8.056094425730247], [110.61607377037626, -8.056131745514984], [110.61599076716232, -8.05616115144644], [110.61590525261803, -8.056182360331174], [110.61581805029525, -8.056195167917336], [110.61572999999999, -8.056199450861664], [110.61564194970472, -8.056195167917336], [110.61555474738195, -8.056182360331174], [110.61546923283765, -8.05616115144644], [110.61538622962372, -8.056131745514984], [110.61530653710642, -8.056094425730247], [110.61523092276828, -8.056049551500033], [110.61516011481667, -8.05599755498527], [110.61509479517093, -8.055938936938183], [110.61503559289496, -8.055874261879866], [110.61498307813898, -8.055804152663736], [110.61493775664884, -8.055729284477236], [110.61490006489525, -8.055650378339491], [110.61487036587042, -8.055568194157615], [110.61484894559216, -8.055483523408455], [110.61483601034949, -8.05539718151631], [110.61483168471588, -8.05531], [110.61483601034949, -8.055222818464916], [110.61484894559216, -8.055136476517168], [110.61487036587042, -8.055051805677715], [110.61490006489525, -8.054969621374328], [110.61493775664884, -8.054890715088522], [110.61498307813898, -8.054815846733101], [110.61503559289496, -8.054745737333679], [110.61509479517093, -8.054681062084743], [110.61516011481667, -8.054622443847041], [110.61523092276828, -8.054570447148985], [110.61530653710642, -8.054525572749846], [110.61538622962372, -8.054488252817048], [110.61546923283765, -8.054458846764083], [110.61555474738195, -8.054437637789055], [110.61564194970472, -8.054424830147294], [110.61572999999999, -8.054420547184193], [110.61581805029525, -8.054424830147294], [110.61590525261803, -8.054437637789055], [110.61599076716232, -8.054458846764083], [110.61607377037626, -8.054488252817048], [110.61615346289356, -8.054525572749846], [110.61622907723171, -8.054570447148985], [110.6162998851833, -8.054622443847041], [110.61636520482904, -8.054681062084743], [110.61642440710503, -8.054745737333679], [110.61647692186101, -8.054815846733101], [110.61652224335114, -8.054890715088522], [110.61655993510473, -8.054969621374328], [110.61658963412957, -8.055051805677715], [110.61661105440783, -8.055136476517168], [110.61662398965049, -8.055222818464916], [110.61662831528412, -8.05531]]]}}, {"id": "50", "type": "Feature", "properties": {"id": "ID_00050", "Name": "MULO-TEPUS ( PASAR MENTEL )", "timestamp": null, "begin": null, "end": null, "altitudeMode": "clampToGround", "tessellate": -1, "extrude": 0, "visibility": -1, "drawOrder": null, "icon": null, "snippet": "", "FID": "50", "No": "25", "Y": "-8,05556", "X": "110,61582", "Ruas_Jalan": "MULO-TEPUS ( PASAR MENTEL )", "SRS": "SRS Karst Gunungsewu", "Jenis": "APJ NUANSA BUDAYA TENAGA LISTRIK", "Posisi": "Kanan", "Foto": "https://drive.google.com/file/d/1vdQiXF9OZLDi2NA1SCLro7JM1nmkmaPx/view?usp=drive_link"}, "geometry": {"type": "Polygon", "coordinates": [[[110.61671831528412, -8.055560000000002], [110.61671398965049, -8.055647181462476], [110.61670105440783, -8.055733523301301], [110.61667963412957, -8.05581819399817], [110.61664993510473, -8.055900378129296], [110.61661224335114, -8.05597928421831], [110.616566921861, -8.056054152358577], [110.61651440710503, -8.056124261531405], [110.61645520482904, -8.056188936549784], [110.6163898851833, -8.056247554560667], [110.61631907723171, -8.056299551043317], [110.61624346289356, -8.056344425245818], [110.61616377037625, -8.056381745007505], [110.61608076716232, -8.056411150920802], [110.61599525261803, -8.056432359792437], [110.61590805029525, -8.056445167370686], [110.61581999999999, -8.056449450312371], [110.61573194970472, -8.056445167370686], [110.61564474738195, -8.056432359792437], [110.61555923283765, -8.056411150920802], [110.61547622962372, -8.056381745007505], [110.61539653710642, -8.056344425245818], [110.61532092276826, -8.056299551043317], [110.61525011481667, -8.056247554560667], [110.61518479517093, -8.056188936549784], [110.61512559289494, -8.056124261531405], [110.61507307813898, -8.056054152358577], [110.61502775664884, -8.05597928421831], [110.61499006489524, -8.055900378129296], [110.61496036587042, -8.05581819399817], [110.61493894559214, -8.055733523301301], [110.61492601034949, -8.055647181462476], [110.61492168471587, -8.055560000000002], [110.61492601034949, -8.055472818518753], [110.61493894559214, -8.055386476624326], [110.61496036587042, -8.055301805837159], [110.61499006489524, -8.05521962158452], [110.61502775664884, -8.055140715347438], [110.61507307813898, -8.055065847038247], [110.61512559289494, -8.054995737682118], [110.61518479517093, -8.054931062473118], [110.61525011481667, -8.05487244427161], [110.61532092276826, -8.054820447605662], [110.61539653710642, -8.054775573234233], [110.61547622962372, -8.05473825332448], [110.61555923283765, -8.054708847289671], [110.61564474738195, -8.05468763832774], [110.61573194970472, -8.054674830693887], [110.61581999999999, -8.054670547733428], [110.61590805029525, -8.054674830693887], [110.61599525261803, -8.05468763832774], [110.61608076716232, -8.054708847289671], [110.61616377037625, -8.05473825332448], [110.61624346289356, -8.054775573234233], [110.61631907723171, -8.054820447605662], [110.6163898851833, -8.05487244427161], [110.61645520482904, -8.054931062473118], [110.61651440710503, -8.054995737682118], [110.616566921861, -8.055065847038247], [110.61661224335114, -8.055140715347438], [110.61664993510473, -8.05521962158452], [110.61667963412957, -8.055301805837159], [110.61670105440783, -8.055386476624326], [110.61671398965049, -8.055472818518753], [110.61671831528412, -8.055560000000002]]]}}, {"id": "51", "type": "Feature", "properties": {"id": "ID_00051", "Name": "MULO-TEPUS ( GOA NGINGGRONG )", "timestamp": null, "begin": null, "end": null, "altitudeMode": "clampToGround", "tessellate": -1, "extrude": 0, "visibility": -1, "drawOrder": null, "icon": null, "snippet": "", "FID": "51", "No": "26", "Y": "-8,02756", "X": "110,59085", "Ruas_Jalan": "MULO-TEPUS ( GOA NGINGGRONG )", "SRS": "SRS Karst Gunungsewu", "Jenis": "APJ NUANSA BUDAYA TENAGA LISTRIK", "Posisi": "Kiri", "Foto": "https://drive.google.com/file/d/1HXVAH7-FR63jTssrW8gonKCyJz9fPKC1/view?usp=drive_link"}, "geometry": {"type": "Polygon", "coordinates": [[[110.59174831528412, -8.027559999999998], [110.5917439896505, -8.027647187481957], [110.59173105440783, -8.027733535282358], [110.59170963412957, -8.027818211825487], [110.59167993510475, -8.027900401631232], [110.59164224335115, -8.027979313168581], [110.59159692186101, -8.028054186478418], [110.59154440710503, -8.02812430049226], [110.59148520482904, -8.02818897997646], [110.59141988518331, -8.028247602034961], [110.59134907723173, -8.028299602108028], [110.59127346289357, -8.028344479409169], [110.59119377037628, -8.028381801747855], [110.59111076716232, -8.028411209691697], [110.59102525261805, -8.028432420027858], [110.59093805029526, -8.028445228490504], [110.59084999999999, -8.028449511727935], [110.59076194970473, -8.028445228490504], [110.59067474738195, -8.028432420027858], [110.59058923283767, -8.028411209691697], [110.59050622962373, -8.028381801747855], [110.59042653710644, -8.028344479409169], [110.59035092276828, -8.028299602108028], [110.59028011481668, -8.028247602034961], [110.59021479517095, -8.02818897997646], [110.59015559289496, -8.02812430049226], [110.59010307813898, -8.028054186478418], [110.59005775664885, -8.027979313168581], [110.59002006489526, -8.027900401631232], [110.58999036587043, -8.027818211825487], [110.58996894559216, -8.027733535282358], [110.58995601034951, -8.027647187481957], [110.58995168471588, -8.027559999999998], [110.58995601034951, -8.027472812499326], [110.58996894559216, -8.02738646464351], [110.58999036587043, -8.027301788010394], [110.59002006489526, -8.027219598083546], [110.59005775664885, -8.027140686398631], [110.59010307813898, -8.02706581292044], [110.59015559289496, -8.02699569872392], [110.59021479517095, -8.026931019049742], [110.59028011481668, -8.026872396801263], [110.59035092276828, -8.026820396545519], [110.59042653710644, -8.026775519076022], [110.59050622962373, -8.026738196589768], [110.59058923283767, -8.026708788524823], [110.59067474738195, -8.026687578098672], [110.59076194970473, -8.026674769580614], [110.59084999999999, -8.026670486324472], [110.59093805029526, -8.026674769580614], [110.59102525261805, -8.026687578098672], [110.59111076716232, -8.026708788524823], [110.59119377037628, -8.026738196589768], [110.59127346289357, -8.026775519076022], [110.59134907723173, -8.026820396545519], [110.59141988518331, -8.026872396801263], [110.59148520482904, -8.026931019049742], [110.59154440710503, -8.02699569872392], [110.59159692186101, -8.02706581292044], [110.59164224335115, -8.027140686398631], [110.59167993510475, -8.027219598083546], [110.59170963412957, -8.027301788010394], [110.59173105440783, -8.02738646464351], [110.5917439896505, -8.027472812499326], [110.59174831528412, -8.027559999999998]]]}}, {"id": "52", "type": "Feature", "properties": {"id": "ID_00052", "Name": "MULO-TEPUS ( GOA NGINGGRONG )", "timestamp": null, "begin": null, "end": null, "altitudeMode": "clampToGround", "tessellate": -1, "extrude": 0, "visibility": -1, "drawOrder": null, "icon": null, "snippet": "", "FID": "52", "No": "27", "Y": "-8,02768", "X": "110,59107", "Ruas_Jalan": "MULO-TEPUS ( GOA NGINGGRONG )", "SRS": "SRS Karst Gunungsewu", "Jenis": "APJ NUANSA BUDAYA TENAGA LISTRIK", "Posisi": "Kiri", "Foto": "https://drive.google.com/file/d/1FZ0BXEckpgAVieitdr1-ysYc_UhjJpxE/view?usp=drive_link"}, "geometry": {"type": "Polygon", "coordinates": [[[110.59196831528412, -8.02768], [110.5919639896505, -8.027767187456204], [110.59195105440783, -8.027853535231102], [110.59192963412957, -8.027938211749216], [110.59189993510475, -8.028020401530682], [110.59186224335114, -8.028099313044724], [110.59181692186101, -8.028174186332443], [110.59176440710505, -8.028244300325575], [110.59170520482905, -8.028308979790667], [110.59163988518331, -8.028367601831851], [110.59156907723171, -8.02841960188956], [110.59149346289357, -8.02846447917744], [110.59141377037626, -8.028501801505103], [110.59133076716233, -8.028531209440258], [110.59124525261804, -8.028552419770152], [110.59115805029526, -8.028565228229015], [110.59107, -8.028569511465179], [110.59098194970474, -8.028565228229015], [110.59089474738195, -8.028552419770152], [110.59080923283767, -8.028531209440258], [110.59072622962373, -8.028501801505103], [110.59064653710642, -8.02846447917744], [110.59057092276828, -8.02841960188956], [110.59050011481668, -8.028367601831851], [110.59043479517095, -8.028308979790667], [110.59037559289496, -8.028244300325575], [110.59032307813898, -8.028174186332443], [110.59027775664885, -8.028099313044724], [110.59024006489524, -8.028020401530682], [110.59021036587042, -8.027938211749216], [110.59018894559216, -8.027853535231102], [110.5901760103495, -8.027767187456204], [110.59017168471587, -8.02768], [110.5901760103495, -8.027592812525082], [110.59018894559216, -8.027506464694769], [110.59021036587042, -8.027421788086667], [110.59024006489524, -8.027339598184092], [110.59027775664885, -8.027260686522487], [110.59032307813898, -8.027185813066408], [110.59037559289496, -8.027115698890595], [110.59043479517095, -8.027051019235524], [110.59050011481668, -8.026992397004358], [110.59057092276828, -8.026940396763969], [110.59064653710642, -8.02689551930773], [110.59072622962373, -8.026858196832498], [110.59080923283767, -8.026828788776239], [110.59089474738195, -8.026807578356355], [110.59098194970474, -8.026794769842079], [110.59107, -8.0267904865872], [110.59115805029526, -8.026794769842079], [110.59124525261804, -8.026807578356355], [110.59133076716233, -8.026828788776239], [110.59141377037626, -8.026858196832498], [110.59149346289357, -8.02689551930773], [110.59156907723171, -8.026940396763969], [110.59163988518331, -8.026992397004358], [110.59170520482905, -8.027051019235524], [110.59176440710505, -8.027115698890595], [110.59181692186101, -8.027185813066408], [110.59186224335114, -8.027260686522487], [110.59189993510475, -8.027339598184092], [110.59192963412957, -8.027421788086667], [110.59195105440783, -8.027506464694769], [110.5919639896505, -8.027592812525082], [110.59196831528412, -8.02768]]]}}, {"id": "53", "type": "Feature", "properties": {"id": "ID_00053", "Name": "MULO-TEPUS ( GOA NGINGGRONG )", "timestamp": null, "begin": null, "end": null, "altitudeMode": "clampToGround", "tessellate": -1, "extrude": 0, "visibility": -1, "drawOrder": null, "icon": null, "snippet": "", "FID": "53", "No": "28", "Y": "-8,02786", "X": "110,59135", "Ruas_Jalan": "MULO-TEPUS ( GOA NGINGGRONG )", "SRS": "SRS Karst Gunungsewu", "Jenis": "APJ NUANSA BUDAYA TENAGA LISTRIK", "Posisi": "Kiri", "Foto": "https://drive.google.com/file/d/1I7IjoengRXfMDI9_dOcyRBF4gagftc4X/view?usp=drive_link"}, "geometry": {"type": "Polygon", "coordinates": [[[110.59224831528412, -8.02786], [110.5922439896505, -8.027947187417574], [110.59223105440783, -8.028033535154211], [110.59220963412957, -8.028118211634807], [110.59217993510475, -8.028200401379857], [110.59214224335115, -8.02827931285893], [110.59209692186103, -8.028354186113472], [110.59204440710504, -8.028424300075535], [110.59198520482904, -8.02848897951197], [110.59191988518332, -8.028547601527178], [110.59184907723173, -8.028599601561844], [110.59177346289357, -8.02864447882984], [110.59169377037628, -8.028681801140962], [110.59161076716232, -8.028711209063086], [110.59152525261806, -8.028732419383584], [110.59143805029525, -8.028745227836769], [110.59134999999999, -8.028749511071037], [110.59126194970474, -8.028745227836769], [110.59117474738196, -8.028732419383584], [110.59108923283767, -8.028711209063086], [110.59100622962373, -8.028681801140962], [110.59092653710643, -8.02864447882984], [110.59085092276828, -8.028599601561844], [110.59078011481668, -8.028547601527178], [110.59071479517095, -8.02848897951197], [110.59065559289498, -8.028424300075535], [110.59060307813898, -8.028354186113472], [110.59055775664885, -8.02827931285893], [110.59052006489526, -8.028200401379857], [110.59049036587044, -8.028118211634807], [110.59046894559218, -8.028033535154211], [110.5904560103495, -8.027947187417574], [110.59045168471589, -8.02786], [110.5904560103495, -8.027772812563713], [110.59046894559218, -8.027686464771657], [110.59049036587044, -8.02760178820107], [110.59052006489526, -8.027519598334914], [110.59055775664885, -8.027440686708267], [110.59060307813898, -8.027365813285362], [110.59065559289498, -8.027295699140616], [110.59071479517095, -8.027231019514199], [110.59078011481668, -8.027172397309004], [110.59085092276828, -8.027120397091656], [110.59092653710643, -8.027075519655297], [110.59100622962373, -8.0270381971966], [110.59108923283767, -8.027008789153372], [110.59117474738196, -8.026987578742881], [110.59126194970474, -8.02697477023428], [110.59134999999999, -8.026970486981298], [110.59143805029525, -8.02697477023428], [110.59152525261806, -8.026987578742881], [110.59161076716232, -8.027008789153372], [110.59169377037628, -8.0270381971966], [110.59177346289357, -8.027075519655297], [110.59184907723173, -8.027120397091656], [110.59191988518332, -8.027172397309004], [110.59198520482904, -8.027231019514199], [110.59204440710504, -8.027295699140616], [110.59209692186103, -8.027365813285362], [110.59214224335115, -8.027440686708267], [110.59217993510475, -8.027519598334914], [110.59220963412957, -8.02760178820107], [110.59223105440783, -8.027686464771657], [110.5922439896505, -8.027772812563713], [110.59224831528412, -8.02786]]]}}, {"id": "54", "type": "Feature", "properties": {"id": "ID_00054", "Name": "MULO-TEPUS ( GOA NGINGGRONG )", "timestamp": null, "begin": null, "end": null, "altitudeMode": "clampToGround", "tessellate": -1, "extrude": 0, "visibility": -1, "drawOrder": null, "icon": null, "snippet": "", "FID": "54", "No": "29", "Y": "-8,02806", "X": "110,59157", "Ruas_Jalan": "MULO-TEPUS ( GOA NGINGGRONG )", "SRS": "SRS Karst Gunungsewu", "Jenis": "APJ NUANSA BUDAYA TENAGA LISTRIK DAN BOX KWH", "Posisi": "Kiri", "Foto": "https://drive.google.com/file/d/13Tdo8lzb_GWV2dE-q8FGz4GjAiXDq6OJ/view?usp=drive_link"}, "geometry": {"type": "Polygon", "coordinates": [[[110.59246831528411, -8.02806], [110.5924639896505, -8.02814718737465], [110.59245105440783, -8.028233535068779], [110.59242963412957, -8.028318211507683], [110.59239993510474, -8.028400401212268], [110.59236224335115, -8.028479312652493], [110.59231692186101, -8.02855418587017], [110.59226440710503, -8.028624299797716], [110.59220520482906, -8.028688979202302], [110.59213988518331, -8.028747601188648], [110.59206907723173, -8.02879960119771], [110.59199346289357, -8.02884447844361], [110.59191377037627, -8.02888180073636], [110.59183076716234, -8.028911208644], [110.59174525261804, -8.028932418954057], [110.59165805029527, -8.028945227400937], [110.59157, -8.028949510633092], [110.59148194970474, -8.028945227400937], [110.59139474738195, -8.028932418954057], [110.59130923283767, -8.028911208644], [110.59122622962373, -8.02888180073636], [110.59114653710644, -8.02884447844361], [110.59107092276828, -8.02879960119771], [110.5910001148167, -8.028747601188648], [110.59093479517095, -8.028688979202302], [110.59087559289496, -8.028624299797716], [110.590823078139, -8.02855418587017], [110.59077775664885, -8.028479312652493], [110.59074006489526, -8.028400401212268], [110.59071036587042, -8.028318211507683], [110.59068894559216, -8.028233535068779], [110.5906760103495, -8.02814718737465], [110.59067168471587, -8.02806], [110.5906760103495, -8.027972812606638], [110.59068894559216, -8.027886464857092], [110.59071036587042, -8.02780178832819], [110.59074006489526, -8.027719598502493], [110.59077775664885, -8.027640686914697], [110.590823078139, -8.027565813528655], [110.59087559289496, -8.027495699418422], [110.59093479517095, -8.027431019823844], [110.5910001148167, -8.027372397647511], [110.59107092276828, -8.027320397455759], [110.59114653710644, -8.027275520041492], [110.59122622962373, -8.027238197601168], [110.59130923283767, -8.027208789572414], [110.59139474738195, -8.027187579172368], [110.59148194970474, -8.02717477067007], [110.59157, -8.0271704874192], [110.59165805029527, -8.02717477067007], [110.59174525261804, -8.027187579172368], [110.59183076716234, -8.027208789572414], [110.59191377037627, -8.027238197601168], [110.59199346289357, -8.027275520041492], [110.59206907723173, -8.027320397455759], [110.59213988518331, -8.027372397647511], [110.59220520482906, -8.027431019823844], [110.59226440710503, -8.027495699418422], [110.59231692186101, -8.027565813528655], [110.59236224335115, -8.027640686914697], [110.59239993510474, -8.027719598502493], [110.59242963412957, -8.02780178832819], [110.59245105440783, -8.027886464857092], [110.5924639896505, -8.027972812606638], [110.59246831528411, -8.02806]]]}}, {"id": "55", "type": "Feature", "properties": {"id": "ID_00055", "Name": "MULO-TEPUS ( GOA NGINGGRONG )", "timestamp": null, "begin": null, "end": null, "altitudeMode": "clampToGround", "tessellate": -1, "extrude": 0, "visibility": -1, "drawOrder": null, "icon": null, "snippet": "", "FID": "55", "No": "30", "Y": "-8,02821", "X": "110,59173", "Ruas_Jalan": "MULO-TEPUS ( GOA NGINGGRONG )", "SRS": "SRS Karst Gunungsewu", "Jenis": "APJ NUANSA BUDAYA TENAGA LISTRIK", "Posisi": "Kiri", "Foto": "https://drive.google.com/file/d/1uqUZyZoKwy0-BiHLDnyBrbkmvCf92hpK/view?usp=drive_link"}, "geometry": {"type": "Polygon", "coordinates": [[[110.59262831528412, -8.028210000000001], [110.5926239896505, -8.028297187342456], [110.59261105440783, -8.0283835350047], [110.59258963412957, -8.028468211412338], [110.59255993510473, -8.028550401086573], [110.59252224335115, -8.028629312497658], [110.592476921861, -8.028704185687689], [110.59242440710503, -8.028774299589342], [110.59236520482905, -8.028838978970043], [110.59229988518331, -8.028897600934743], [110.59222907723172, -8.028949600924602], [110.59215346289356, -8.02899447815393], [110.59207377037626, -8.029031800432895], [110.59199076716233, -8.02906120832968], [110.59190525261805, -8.0290824186319], [110.59181805029526, -8.029095227074048], [110.59173, -8.029099510304627], [110.59164194970474, -8.029095227074048], [110.59155474738195, -8.0290824186319], [110.59146923283767, -8.02906120832968], [110.59138622962372, -8.029031800432895], [110.59130653710643, -8.02899447815393], [110.59123092276828, -8.028949600924602], [110.59116011481669, -8.028897600934743], [110.59109479517095, -8.028838978970043], [110.59103559289495, -8.028774299589342], [110.59098307813898, -8.028704185687689], [110.59093775664886, -8.028629312497658], [110.59090006489525, -8.028550401086573], [110.59087036587042, -8.028468211412338], [110.59084894559216, -8.0283835350047], [110.5908360103495, -8.028297187342456], [110.59083168471588, -8.028210000000001], [110.5908360103495, -8.02812281263883], [110.59084894559216, -8.02803646492117], [110.59087036587042, -8.027951788423534], [110.59090006489525, -8.027869598628184], [110.59093775664886, -8.027790687069523], [110.59098307813898, -8.027715813711124], [110.59103559289495, -8.02764569962678], [110.59109479517095, -8.027581020056084], [110.59116011481669, -8.027522397901393], [110.59123092276828, -8.027470397728841], [110.59130653710643, -8.027425520331144], [110.59138622962372, -8.0273881979046], [110.59146923283767, -8.027358789886705], [110.59155474738195, -8.027337579494489], [110.59164194970474, -8.02732477099692], [110.59173, -8.027320487747629], [110.59181805029526, -8.02732477099692], [110.59190525261805, -8.027337579494489], [110.59199076716233, -8.027358789886705], [110.59207377037626, -8.0273881979046], [110.59215346289356, -8.027425520331144], [110.59222907723172, -8.027470397728841], [110.59229988518331, -8.027522397901393], [110.59236520482905, -8.027581020056084], [110.59242440710503, -8.02764569962678], [110.592476921861, -8.027715813711124], [110.59252224335115, -8.027790687069523], [110.59255993510473, -8.027869598628184], [110.59258963412957, -8.027951788423534], [110.59261105440783, -8.02803646492117], [110.5926239896505, -8.02812281263883], [110.59262831528412, -8.028210000000001]]]}}, {"id": "56", "type": "Feature", "properties": {"id": "ID_00056", "Name": "PANGGANG GIRIJATI (EMBUNG GIRIASIH )", "timestamp": null, "begin": null, "end": null, "altitudeMode": "clampToGround", "tessellate": -1, "extrude": 0, "visibility": -1, "drawOrder": null, "icon": null, "snippet": "", "FID": "56", "No": "31", "Y": "-7,99318", "X": "110,36229", "Ruas_Jalan": "PANGGANG GIRIJATI (EMBUNG GIRIASIH )", "SRS": "SRS Karst Gunungsewu", "Jenis": "APJ NUANSA BUDAYA TENAGA LISTRIK", "Posisi": "Kiri", "Foto": "https://drive.google.com/file/d/1bjtpc5xcK4D3jeII_h4slgpFAKF9Y6oB/view?usp=drive_link"}, "geometry": {"type": "Polygon", "coordinates": [[[110.3631883152841, -7.99318], [110.3631839896505, -7.993267194844546], [110.36317105440781, -7.993353549936711], [110.36314963412956, -7.993438233630543], [110.36311993510472, -7.993520430377066], [110.36308224335114, -7.9935993485784165], [110.363036921861, -7.993674228211288], [110.36298440710502, -7.993744348146301], [110.36292520482904, -7.9938090330927665], [110.3628598851833, -7.993867660102012], [110.36278907723171, -7.993919664566616], [110.36271346289357, -7.993964545657778], [110.36263377037625, -7.994001871148467], [110.36255076716232, -7.994031281575921], [110.36246525261804, -7.99405249370338], [110.36237805029525, -7.994065303247754], [110.36228999999999, -7.994069586846924], [110.36220194970473, -7.994065303247754], [110.36211474738194, -7.99405249370338], [110.36202923283766, -7.994031281575921], [110.36194622962371, -7.994001871148467], [110.36186653710642, -7.993964545657778], [110.36179092276826, -7.993919664566616], [110.36172011481668, -7.993867660102012], [110.36165479517094, -7.9938090330927665], [110.36159559289494, -7.993744348146301], [110.36154307813896, -7.993674228211288], [110.36149775664884, -7.9935993485784165], [110.36146006489524, -7.993520430377066], [110.3614303658704, -7.993438233630543], [110.36140894559215, -7.993353549936711], [110.3613960103495, -7.993267194844546], [110.36139168471587, -7.99318], [110.3613960103495, -7.993092805136816], [110.36140894559215, -7.993006449989472], [110.3614303658704, -7.992921766206027], [110.36146006489524, -7.992839569338903], [110.36149775664884, -7.992760650990604], [110.36154307813896, -7.992685771190077], [110.36159559289494, -7.992615651073149], [110.36165479517094, -7.9925509659375], [110.36172011481668, -7.992492338739065], [110.36179092276826, -7.992440334092547], [110.36186653710642, -7.9923954528337315], [110.36194622962371, -7.992358127196091], [110.36202923283766, -7.99232871664804], [110.36211474738194, -7.992307504430968], [110.36220194970473, -7.992294694831409], [110.36228999999999, -7.992290411213607], [110.36237805029525, -7.992294694831409], [110.36246525261804, -7.992307504430968], [110.36255076716232, -7.99232871664804], [110.36263377037625, -7.992358127196091], [110.36271346289357, -7.9923954528337315], [110.36278907723171, -7.992440334092547], [110.3628598851833, -7.992492338739065], [110.36292520482904, -7.9925509659375], [110.36298440710502, -7.992615651073149], [110.363036921861, -7.992685771190077], [110.36308224335114, -7.992760650990604], [110.36311993510472, -7.992839569338903], [110.36314963412956, -7.992921766206027], [110.36317105440781, -7.993006449989472], [110.3631839896505, -7.993092805136816], [110.3631883152841, -7.99318]]]}}, {"id": "57", "type": "Feature", "properties": {"id": "ID_00057", "Name": "PANGGANG GIRIJATI (EMBUNG GIRIASIH )", "timestamp": null, "begin": null, "end": null, "altitudeMode": "clampToGround", "tessellate": -1, "extrude": 0, "visibility": -1, "drawOrder": null, "icon": null, "snippet": "", "FID": "57", "No": "32", "Y": "-7,99306", "X": "110,36248", "Ruas_Jalan": "PANGGANG GIRIJATI (EMBUNG GIRIASIH )", "SRS": "SRS Karst Gunungsewu", "Jenis": "APJ NUANSA BUDAYA TENAGA LISTRIK", "Posisi": "Kiri", "Foto": "https://drive.google.com/file/d/1Pkyyu-h4uLA5NecZ0_MA7M7TcO5F8eMs/view?usp=drive_link"}, "geometry": {"type": "Polygon", "coordinates": [[[110.36337831528411, -7.993059999999998], [110.36337398965048, -7.993147194870189], [110.36336105440783, -7.99323354998775], [110.36333963412957, -7.993318233706486], [110.36330993510474, -7.993400430477183], [110.36327224335113, -7.993479348701745], [110.36322692186101, -7.993554228356642], [110.36317440710503, -7.9936243483122755], [110.36311520482904, -7.993689033277764], [110.3630498851833, -7.993747660304253], [110.36297907723171, -7.993799664784154], [110.36290346289356, -7.993844545888515], [110.36282377037627, -7.993881871390184], [110.36274076716232, -7.993911281826289], [110.36265525261804, -7.993932493959987], [110.36256805029525, -7.993945303508128], [110.36247999999999, -7.993949587108557], [110.36239194970473, -7.993945303508128], [110.36230474738196, -7.993932493959987], [110.36221923283766, -7.993911281826289], [110.36213622962373, -7.993881871390184], [110.36205653710643, -7.993844545888515], [110.36198092276827, -7.993799664784154], [110.36191011481668, -7.993747660304253], [110.36184479517094, -7.993689033277764], [110.36178559289496, -7.9936243483122755], [110.36173307813898, -7.993554228356642], [110.36168775664883, -7.993479348701745], [110.36165006489526, -7.993400430477183], [110.36162036587042, -7.993318233706486], [110.36159894559216, -7.99323354998775], [110.3615860103495, -7.993147194870189], [110.36158168471587, -7.993059999999998], [110.3615860103495, -7.992972805111174], [110.36159894559216, -7.992886449938431], [110.36162036587042, -7.992801766130082], [110.36165006489526, -7.992719569238786], [110.36168775664883, -7.992640650867278], [110.36173307813898, -7.992565771044731], [110.36178559289496, -7.992495650907183], [110.36184479517094, -7.9924309657525106], [110.36191011481668, -7.992372338536838], [110.36198092276827, -7.992320333875025], [110.36205653710643, -7.99227545260301], [110.36213622962373, -7.992238126954398], [110.36221923283766, -7.9922087163976965], [110.36230474738196, -7.992187504174386], [110.36239194970473, -7.9921746945710606], [110.36247999999999, -7.992170410951999], [110.36256805029525, -7.9921746945710606], [110.36265525261804, -7.992187504174386], [110.36274076716232, -7.9922087163976965], [110.36282377037627, -7.992238126954398], [110.36290346289356, -7.99227545260301], [110.36297907723171, -7.992320333875025], [110.3630498851833, -7.992372338536838], [110.36311520482904, -7.9924309657525106], [110.36317440710503, -7.992495650907183], [110.36322692186101, -7.992565771044731], [110.36327224335113, -7.992640650867278], [110.36330993510474, -7.992719569238786], [110.36333963412957, -7.992801766130082], [110.36336105440783, -7.992886449938431], [110.36337398965048, -7.992972805111174], [110.36337831528411, -7.993059999999998]]]}}, {"id": "58", "type": "Feature", "properties": {"id": "ID_00058", "Name": "PANGGANG GIRIJATI (EMBUNG GIRIASIH )", "timestamp": null, "begin": null, "end": null, "altitudeMode": "clampToGround", "tessellate": -1, "extrude": 0, "visibility": -1, "drawOrder": null, "icon": null, "snippet": "", "FID": "58", "No": "33", "Y": "-7,99291", "X": "110,36279", "Ruas_Jalan": "PANGGANG GIRIJATI (EMBUNG GIRIASIH )", "SRS": "SRS Karst Gunungsewu", "Jenis": "APJ NUANSA BUDAYA TENAGA LISTRIK DAN BOX KWH", "Posisi": "Kiri", "Foto": "https://drive.google.com/file/d/1BNfz7xmp6s0FBepRN7jg47IG_oTOA7Fz/view?usp=drive_link"}, "geometry": {"type": "Polygon", "coordinates": [[[110.36368831528414, -7.992909999999997], [110.36368398965051, -7.9929971949022445], [110.36367105440785, -7.993083550051548], [110.36364963412959, -7.993168233801417], [110.36361993510475, -7.993250430602333], [110.36358224335116, -7.993329348855907], [110.36353692186103, -7.993404228538328], [110.36348440710505, -7.99347434851974], [110.36342520482906, -7.99353903350901], [110.36335988518331, -7.993597660557055], [110.36328907723173, -7.993649665056074], [110.36321346289358, -7.993694546176936], [110.36313377037628, -7.993731871692325], [110.36305076716233, -7.993761282139242], [110.36296525261805, -7.993782494280739], [110.36287805029527, -7.993795303833592], [110.36279, -7.993799587435597], [110.36270194970474, -7.993795303833592], [110.36261474738197, -7.993782494280739], [110.36252923283767, -7.993761282139242], [110.36244622962374, -7.993731871692325], [110.36236653710644, -7.993694546176936], [110.3622909227683, -7.993649665056074], [110.3622201148167, -7.993597660557055], [110.36215479517095, -7.99353903350901], [110.36209559289496, -7.99347434851974], [110.362043078139, -7.993404228538328], [110.36199775664886, -7.993329348855907], [110.36196006489526, -7.993250430602333], [110.36193036587044, -7.993168233801417], [110.36190894559216, -7.993083550051548], [110.36189601034951, -7.9929971949022445], [110.36189168471589, -7.992909999999997], [110.36189601034951, -7.99282280507912], [110.36190894559216, -7.992736449874631], [110.36193036587044, -7.992651766035154], [110.36196006489526, -7.992569569113646], [110.36199775664886, -7.992490650713126], [110.362043078139, -7.992415770863054], [110.36209559289496, -7.992345650699732], [110.36215479517095, -7.9922809655212825], [110.3622201148167, -7.99222233828406], [110.3622909227683, -7.9921703336031324], [110.36236653710644, -7.99212545231462], [110.36244622962374, -7.992088126652286], [110.36252923283767, -7.992058716084774], [110.36261474738197, -7.992037503853665], [110.36270194970474, -7.992024694245633], [110.36279, -7.992020410624998], [110.36287805029527, -7.992024694245633], [110.36296525261805, -7.992037503853665], [110.36305076716233, -7.992058716084774], [110.36313377037628, -7.992088126652286], [110.36321346289358, -7.99212545231462], [110.36328907723173, -7.9921703336031324], [110.36335988518331, -7.99222233828406], [110.36342520482906, -7.9922809655212825], [110.36348440710505, -7.992345650699732], [110.36353692186103, -7.992415770863054], [110.36358224335116, -7.992490650713126], [110.36361993510475, -7.992569569113646], [110.36364963412959, -7.992651766035154], [110.36367105440785, -7.992736449874631], [110.36368398965051, -7.99282280507912], [110.36368831528414, -7.992909999999997]]]}}, {"id": "59", "type": "Feature", "properties": {"id": "ID_00059", "Name": "PANGGANG GIRIJATI (EMBUNG GIRIASIH )", "timestamp": null, "begin": null, "end": null, "altitudeMode": "clampToGround", "tessellate": -1, "extrude": 0, "visibility": -1, "drawOrder": null, "icon": null, "snippet": "", "FID": "59", "No": "34", "Y": "-7,99308", "X": "110,36307", "Ruas_Jalan": "PANGGANG GIRIJATI (EMBUNG GIRIASIH )", "SRS": "SRS Karst Gunungsewu", "Jenis": "APJ NUANSA BUDAYA TENAGA LISTRIK", "Posisi": "Kiri", "Foto": "https://drive.google.com/file/d/1lJyu493e9sg5iXTVDGz058hAps9Vn8Rc/view?usp=drive_link"}, "geometry": {"type": "Polygon", "coordinates": [[[110.36396831528413, -7.993080000000001], [110.36396398965049, -7.993167194865919], [110.36395105440782, -7.993253549979245], [110.36392963412958, -7.993338233693831], [110.36389993510473, -7.9934204304605005], [110.36386224335115, -7.993499348681193], [110.363816921861, -7.993574228332419], [110.36376440710504, -7.993644348284614], [110.36370520482905, -7.993709033246935], [110.3636398851833, -7.99376766027055], [110.36356907723172, -7.9938196647479], [110.36349346289356, -7.993864545850062], [110.36341377037625, -7.9939018713499], [110.36333076716232, -7.9939312817845645], [110.36324525261803, -7.993952493917221], [110.36315805029525, -7.993965303464735], [110.36307, -7.993969587064954], [110.36298194970473, -7.993965303464735], [110.36289474738196, -7.993952493917221], [110.36280923283766, -7.9939312817845645], [110.36272622962373, -7.9939018713499], [110.36264653710643, -7.993864545850062], [110.36257092276827, -7.9938196647479], [110.36250011481668, -7.99376766027055], [110.36243479517094, -7.993709033246935], [110.36237559289495, -7.993644348284614], [110.36232307813899, -7.993574228332419], [110.36227775664885, -7.993499348681193], [110.36224006489525, -7.9934204304605005], [110.36221036587041, -7.993338233693831], [110.36218894559215, -7.993253549979245], [110.3621760103495, -7.993167194865919], [110.36217168471588, -7.993080000000001], [110.3621760103495, -7.992992805115448], [110.36218894559215, -7.992906449946938], [110.36221036587041, -7.992821766142742], [110.36224006489525, -7.992739569255476], [110.36227775664885, -7.992660650887835], [110.36232307813899, -7.992585771068959], [110.36237559289495, -7.992515650934846], [110.36243479517094, -7.992450965783346], [110.36250011481668, -7.992392338570545], [110.36257092276827, -7.992340333911281], [110.36264653710643, -7.992295452641468], [110.36272622962373, -7.992258126994683], [110.36280923283766, -7.992228716439423], [110.36289474738196, -7.992207504217152], [110.36298194970473, -7.992194694614454], [110.36307, -7.992190410995603], [110.36315805029525, -7.992194694614454], [110.36324525261803, -7.992207504217152], [110.36333076716232, -7.992228716439423], [110.36341377037625, -7.992258126994683], [110.36349346289356, -7.992295452641468], [110.36356907723172, -7.992340333911281], [110.3636398851833, -7.992392338570545], [110.36370520482905, -7.992450965783346], [110.36376440710504, -7.992515650934846], [110.363816921861, -7.992585771068959], [110.36386224335115, -7.992660650887835], [110.36389993510473, -7.992739569255476], [110.36392963412958, -7.992821766142742], [110.36395105440782, -7.992906449946938], [110.36396398965049, -7.992992805115448], [110.36396831528413, -7.993080000000001]]]}}, {"id": "60", "type": "Feature", "properties": {"id": "ID_00060", "Name": "PANGGANG GIRIJATI (EMBUNG GIRIASIH )", "timestamp": null, "begin": null, "end": null, "altitudeMode": "clampToGround", "tessellate": -1, "extrude": 0, "visibility": -1, "drawOrder": null, "icon": null, "snippet": "", "FID": "60", "No": "35", "Y": "-7,99331", "X": "110,3632", "Ruas_Jalan": "PANGGANG GIRIJATI (EMBUNG GIRIASIH )", "SRS": "SRS Karst Gunungsewu", "Jenis": "APJ NUANSA BUDAYA TENAGA LISTRIK", "Posisi": "Kiri", "Foto": "https://drive.google.com/file/d/1p1x3QsvqF9u7pI9kh3VhsqTaTVL7DuUH/view?usp=drive_link"}, "geometry": {"type": "Polygon", "coordinates": [[[110.36409831528414, -7.99331], [110.36409398965051, -7.993397194816769], [110.36408105440783, -7.993483549881418], [110.36405963412959, -7.9935682335482685], [110.36402993510475, -7.993650430268602], [110.36399224335116, -7.993729348444808], [110.36394692186103, -7.993804228053823], [110.36389440710505, -7.993874347966492], [110.36383520482906, -7.993939032892346], [110.36376988518333, -7.993997659882913], [110.36369907723173, -7.994049664330946], [110.36362346289359, -7.994094545407809], [110.36354377037628, -7.994131870886604], [110.36346076716234, -7.994161281304685], [110.36337525261806, -7.994182493425386], [110.36328805029527, -7.9941953029656805], [110.3632, -7.994199586563484], [110.36311194970475, -7.9941953029656805], [110.36302474738197, -7.994182493425386], [110.36293923283768, -7.994161281304685], [110.36285622962374, -7.994131870886604], [110.36277653710644, -7.994094545407809], [110.3627009227683, -7.994049664330946], [110.3626301148167, -7.993997659882913], [110.36256479517097, -7.993939032892346], [110.36250559289498, -7.993874347966492], [110.362453078139, -7.993804228053823], [110.36240775664886, -7.993729348444808], [110.36237006489526, -7.993650430268602], [110.36234036587044, -7.9935682335482685], [110.36231894559218, -7.993483549881418], [110.36230601034951, -7.993397194816769], [110.36230168471589, -7.99331], [110.36230601034951, -7.9932228051646], [110.36231894559218, -7.993136450044764], [110.36234036587044, -7.9930517662883], [110.36237006489526, -7.992969569447365], [110.36240775664886, -7.992890651124209], [110.362453078139, -7.992815771347535], [110.36250559289498, -7.992745651252949], [110.36256479517097, -7.992680966137904], [110.3626301148167, -7.992622338958149], [110.3627009227683, -7.992570334328198], [110.36277653710644, -7.9925254530836805], [110.36285622962374, -7.992488127457932], [110.36293923283768, -7.992458716919249], [110.36302474738197, -7.992437504708935], [110.36311194970475, -7.992424695113458], [110.3632, -7.992420411497018], [110.36328805029527, -7.992424695113458], [110.36337525261806, -7.992437504708935], [110.36346076716234, -7.992458716919249], [110.36354377037628, -7.992488127457932], [110.36362346289359, -7.9925254530836805], [110.36369907723173, -7.992570334328198], [110.36376988518333, -7.992622338958149], [110.36383520482906, -7.992680966137904], [110.36389440710505, -7.992745651252949], [110.36394692186103, -7.992815771347535], [110.36399224335116, -7.992890651124209], [110.36402993510475, -7.992969569447365], [110.36405963412959, -7.9930517662883], [110.36408105440783, -7.993136450044764], [110.36409398965051, -7.9932228051646], [110.36409831528414, -7.99331]]]}}, {"id": "61", "type": "Feature", "properties": {"id": "ID_00061", "Name": "KLANGON - TEMPEL", "timestamp": null, "begin": null, "end": null, "altitudeMode": "clampToGround", "tessellate": -1, "extrude": 0, "visibility": -1, "drawOrder": null, "icon": null, "snippet": "", "FID": "61", "No": "1", "Y": "-7,65414", "X": "110,3256", "Ruas_Jalan": "KLANGON - TEMPEL", "SRS": "SRS Gunung Merapi", "Jenis": "APJ NUANSA BUDAYA TENAGA LISTRIK", "Posisi": "Kiri", "Foto": "https://drive.google.com/file/d/1eCfgK6FonUw90P4K8T6FDOs1yhLl5UAf/view?usp=drive_link"}, "geometry": {"type": "Polygon", "coordinates": [[[110.32649831528411, -7.654140000000001], [110.3264939896505, -7.6542272657692845], [110.32648105440782, -7.654313691103902], [110.32645963412956, -7.654398443681398], [110.32642993510474, -7.654480707289353], [110.32639224335115, -7.654559689685922], [110.32634692186102, -7.6546346302294745], [110.32629440710502, -7.654704807203926], [110.32623520482905, -7.654769544769161], [110.32616988518332, -7.654828219469648], [110.32609907723172, -7.654880266238554], [110.32602346289357, -7.654925183839563], [110.32594377037627, -7.6549625396939325], [110.32586076716233, -7.65499197404639], [110.32577525261804, -7.655013203429697], [110.32568805029526, -7.65502602339453], [110.3256, -7.655030310478375], [110.32551194970473, -7.65502602339453], [110.32542474738194, -7.655013203429697], [110.32533923283766, -7.65499197404639], [110.32525622962372, -7.6549625396939325], [110.32517653710643, -7.654925183839563], [110.32510092276827, -7.654880266238554], [110.32503011481668, -7.654828219469648], [110.32496479517096, -7.654769544769161], [110.32490559289496, -7.654704807203926], [110.32485307813897, -7.6546346302294745], [110.32480775664885, -7.654559689685922], [110.32477006489525, -7.654480707289353], [110.32474036587043, -7.654398443681398], [110.32471894559217, -7.654313691103902], [110.3247060103495, -7.6542272657692845], [110.32470168471588, -7.654140000000001], [110.3247060103495, -7.6540527342128515], [110.32471894559217, -7.653966308825334], [110.32474036587043, -7.6538815561619336], [110.32477006489525, -7.653799292438369], [110.32480775664885, -7.653720309900931], [110.32485307813897, -7.653645369196662], [110.32490559289496, -7.653575192047823], [110.32496479517096, -7.653510454301232], [110.32503011481668, -7.65345177941939], [110.32510092276827, -7.653399732476091], [110.32517653710643, -7.6533548147143655], [110.32525622962372, -7.65331745871913], [110.32533923283766, -7.653288024251063], [110.32542474738194, -7.653266794781849], [110.32551194970473, -7.653253974764117], [110.3256, -7.653249687662411], [110.32568805029526, -7.653253974764117], [110.32577525261804, -7.653266794781849], [110.32586076716233, -7.653288024251063], [110.32594377037627, -7.65331745871913], [110.32602346289357, -7.6533548147143655], [110.32609907723172, -7.653399732476091], [110.32616988518332, -7.65345177941939], [110.32623520482905, -7.653510454301232], [110.32629440710502, -7.653575192047823], [110.32634692186102, -7.653645369196662], [110.32639224335115, -7.653720309900931], [110.32642993510474, -7.653799292438369], [110.32645963412956, -7.6538815561619336], [110.32648105440782, -7.653966308825334], [110.3264939896505, -7.6540527342128515], [110.32649831528411, -7.654140000000001]]]}}, {"id": "62", "type": "Feature", "properties": {"id": "ID_00062", "Name": "KLANGON - TEMPEL", "timestamp": null, "begin": null, "end": null, "altitudeMode": "clampToGround", "tessellate": -1, "extrude": 0, "visibility": -1, "drawOrder": null, "icon": null, "snippet": "", "FID": "62", "No": "2", "Y": "-7,65417", "X": "110,32516", "Ruas_Jalan": "KLANGON - TEMPEL", "SRS": "SRS Gunung Merapi", "Jenis": "APJ NUANSA BUDAYA TENAGA LISTRIK", "Posisi": "Kiri", "Foto": "https://drive.google.com/file/d/1EmUuc7JA0TtxgNvZslJHENryY0oKh-AP/view?usp=drive_link"}, "geometry": {"type": "Polygon", "coordinates": [[[110.32605831528411, -7.654169999999998], [110.32605398965049, -7.654257265763145], [110.32604105440782, -7.654343691091679], [110.32601963412957, -7.654428443663211], [110.32598993510474, -7.654510707265379], [110.32595224335115, -7.654589689656387], [110.32590692186102, -7.654664630194666], [110.32585440710503, -7.654734807164181], [110.32579520482905, -7.654799544724859], [110.32572988518332, -7.654858219421217], [110.32565907723172, -7.654910266186462], [110.32558346289356, -7.65495518378431], [110.32550377037627, -7.654992539636047], [110.32542076716233, -7.655021973986436], [110.32533525261805, -7.6550432033682485], [110.32524805029526, -7.655056023332178], [110.32516, -7.655060310415723], [110.32507194970474, -7.655056023332178], [110.32498474738195, -7.6550432033682485], [110.32489923283768, -7.655021973986436], [110.32481622962372, -7.654992539636047], [110.32473653710643, -7.65495518378431], [110.32466092276827, -7.654910266186462], [110.32459011481667, -7.654858219421217], [110.32452479517094, -7.654799544724859], [110.32446559289497, -7.654734807164181], [110.32441307813897, -7.654664630194666], [110.32436775664884, -7.654589689656387], [110.32433006489525, -7.654510707265379], [110.32430036587043, -7.654428443663211], [110.32427894559217, -7.654343691091679], [110.3242660103495, -7.654257265763145], [110.32426168471588, -7.654169999999998], [110.3242660103495, -7.654082734218991], [110.32427894559217, -7.653996308837555], [110.32430036587043, -7.653911556180119], [110.32433006489525, -7.653829292462343], [110.32436775664884, -7.653750309930462], [110.32441307813897, -7.6536753692314665], [110.32446559289497, -7.653605192087564], [110.32452479517094, -7.653540454345527], [110.32459011481667, -7.653481779467813], [110.32466092276827, -7.653429732528179], [110.32473653710643, -7.653384814769614], [110.32481622962372, -7.653347458777006], [110.32489923283768, -7.653318024311008], [110.32498474738195, -7.653296794843289], [110.32507194970474, -7.65328397482646], [110.32516, -7.653279687725055], [110.32524805029526, -7.65328397482646], [110.32533525261805, -7.653296794843289], [110.32542076716233, -7.653318024311008], [110.32550377037627, -7.653347458777006], [110.32558346289356, -7.653384814769614], [110.32565907723172, -7.653429732528179], [110.32572988518332, -7.653481779467813], [110.32579520482905, -7.653540454345527], [110.32585440710503, -7.653605192087564], [110.32590692186102, -7.6536753692314665], [110.32595224335115, -7.653750309930462], [110.32598993510474, -7.653829292462343], [110.32601963412957, -7.653911556180119], [110.32604105440782, -7.653996308837555], [110.32605398965049, -7.654082734218991], [110.32605831528411, -7.654169999999998]]]}}, {"id": "63", "type": "Feature", "properties": {"id": "ID_00063", "Name": "KLANGON - TEMPEL", "timestamp": null, "begin": null, "end": null, "altitudeMode": "clampToGround", "tessellate": -1, "extrude": 0, "visibility": -1, "drawOrder": null, "icon": null, "snippet": "", "FID": "63", "No": "3", "Y": "-7,65423", "X": "110,32489", "Ruas_Jalan": "KLANGON - TEMPEL", "SRS": "SRS Gunung Merapi", "Jenis": "APJ NUANSA BUDAYA TENAGA LISTRIK", "Posisi": "Kiri", "Foto": "https://drive.google.com/file/d/1KWa1EgSdgBWBjBybHrUpwjl5PTMg3z4-/view?usp=drive_link"}, "geometry": {"type": "Polygon", "coordinates": [[[110.3257883152841, -7.65423], [110.32578398965047, -7.654317265750862], [110.32577105440782, -7.654403691067237], [110.32574963412955, -7.654488443626839], [110.32571993510473, -7.654570707217429], [110.32568224335114, -7.654649689597322], [110.325636921861, -7.654724630125053], [110.32558440710503, -7.654794807084691], [110.32552520482903, -7.654859544636258], [110.3254598851833, -7.654918219324357], [110.3253890772317, -7.654970266082277], [110.32531346289355, -7.655015183673801], [110.32523377037626, -7.655052539520283], [110.32515076716231, -7.655081973866528], [110.32506525261803, -7.655103203245355], [110.32497805029526, -7.655116023207478], [110.32488999999998, -7.655120310290419], [110.32480194970472, -7.655116023207478], [110.32471474738193, -7.655103203245355], [110.32462923283767, -7.655081973866528], [110.32454622962372, -7.655052539520283], [110.32446653710642, -7.655015183673801], [110.32439092276826, -7.654970266082277], [110.32432011481667, -7.654918219324357], [110.32425479517093, -7.654859544636258], [110.32419559289495, -7.654794807084691], [110.32414307813897, -7.654724630125053], [110.32409775664883, -7.654649689597322], [110.32406006489524, -7.654570707217429], [110.32403036587041, -7.654488443626839], [110.32400894559215, -7.654403691067237], [110.32399601034949, -7.654317265750862], [110.32399168471586, -7.65423], [110.32399601034949, -7.654142734231272], [110.32400894559215, -7.654056308862001], [110.32403036587041, -7.653971556216491], [110.32406006489524, -7.653889292510292], [110.32409775664883, -7.653810309989527], [110.32414307813897, -7.653735369301076], [110.32419559289495, -7.65366519216705], [110.32425479517093, -7.653600454434125], [110.32432011481667, -7.653541779564666], [110.32439092276826, -7.653489732632354], [110.32446653710642, -7.65344481488011], [110.32454622962372, -7.653407458892759], [110.32462923283767, -7.653378024430907], [110.32471474738193, -7.653356794966174], [110.32480194970472, -7.653343974951148], [110.32488999999998, -7.653339687850346], [110.32497805029526, -7.653343974951148], [110.32506525261803, -7.653356794966174], [110.32515076716231, -7.653378024430907], [110.32523377037626, -7.653407458892759], [110.32531346289355, -7.65344481488011], [110.3253890772317, -7.653489732632354], [110.3254598851833, -7.653541779564666], [110.32552520482903, -7.653600454434125], [110.32558440710503, -7.65366519216705], [110.325636921861, -7.653735369301076], [110.32568224335114, -7.653810309989527], [110.32571993510473, -7.653889292510292], [110.32574963412955, -7.653971556216491], [110.32577105440782, -7.654056308862001], [110.32578398965047, -7.654142734231272], [110.3257883152841, -7.65423]]]}}, {"id": "64", "type": "Feature", "properties": {"id": "ID_00064", "Name": "KLANGON - TEMPEL", "timestamp": null, "begin": null, "end": null, "altitudeMode": "clampToGround", "tessellate": -1, "extrude": 0, "visibility": -1, "drawOrder": null, "icon": null, "snippet": "", "FID": "64", "No": "4", "Y": "-7,65427", "X": "110,32467", "Ruas_Jalan": "KLANGON - TEMPEL", "SRS": "SRS Gunung Merapi", "Jenis": "APJ NUANSA BUDAYA TENAGA LISTRIK DAN BOX KWH", "Posisi": "Kiri", "Foto": "https://drive.google.com/file/d/1u6F1Qqx7LWamuPUC5IEMxD1sujjbvRad/view?usp=drive_link"}, "geometry": {"type": "Polygon", "coordinates": [[[110.3255683152841, -7.654270000000001], [110.32556398965049, -7.654357265742676], [110.32555105440781, -7.654443691050941], [110.32552963412955, -7.654528443602593], [110.32549993510473, -7.654610707185462], [110.32546224335114, -7.654689689557946], [110.325416921861, -7.654764630078645], [110.32536440710501, -7.654834807031699], [110.32530520482904, -7.654899544577191], [110.32523988518331, -7.6549582192597825], [110.3251690772317, -7.6550102660128205], [110.32509346289356, -7.655055183600129], [110.32501377037626, -7.655092539443108], [110.32493076716231, -7.6551219737865885], [110.32484525261803, -7.655143203163425], [110.32475805029524, -7.655156023124346], [110.32466999999998, -7.655160310206883], [110.32458194970472, -7.655156023124346], [110.32449474738195, -7.655143203163425], [110.32440923283765, -7.6551219737865885], [110.32432622962371, -7.655092539443108], [110.32424653710642, -7.655055183600129], [110.32417092276827, -7.6550102660128205], [110.32410011481667, -7.6549582192597825], [110.32403479517095, -7.654899544577191], [110.32397559289495, -7.654834807031699], [110.32392307813898, -7.654764630078645], [110.32387775664884, -7.654689689557946], [110.32384006489524, -7.654610707185462], [110.32381036587041, -7.654528443602593], [110.32378894559216, -7.654443691050941], [110.32377601034949, -7.654357265742676], [110.32377168471587, -7.654270000000001], [110.32377601034949, -7.654182734239462], [110.32378894559216, -7.654096308878299], [110.32381036587041, -7.65401155624074], [110.32384006489524, -7.653929292542259], [110.32387775664884, -7.653850310028905], [110.32392307813898, -7.653775369347483], [110.32397559289495, -7.65370519222004], [110.32403479517095, -7.653640454493189], [110.32410011481667, -7.653581779629235], [110.32417092276827, -7.6535297327018075], [110.32424653710642, -7.653484814953778], [110.32432622962371, -7.6534474589699295], [110.32440923283765, -7.653418024510837], [110.32449474738195, -7.653396795048097], [110.32458194970472, -7.653383975034275], [110.32466999999998, -7.653379687933872], [110.32475805029524, -7.653383975034275], [110.32484525261803, -7.653396795048097], [110.32493076716231, -7.653418024510837], [110.32501377037626, -7.6534474589699295], [110.32509346289356, -7.653484814953778], [110.3251690772317, -7.6535297327018075], [110.32523988518331, -7.653581779629235], [110.32530520482904, -7.653640454493189], [110.32536440710501, -7.65370519222004], [110.325416921861, -7.653775369347483], [110.32546224335114, -7.653850310028905], [110.32549993510473, -7.653929292542259], [110.32552963412955, -7.65401155624074], [110.32555105440781, -7.654096308878299], [110.32556398965049, -7.654182734239462], [110.3255683152841, -7.654270000000001]]]}}, {"id": "65", "type": "Feature", "properties": {"id": "ID_00065", "Name": "KLANGON - TEMPEL", "timestamp": null, "begin": null, "end": null, "altitudeMode": "clampToGround", "tessellate": -1, "extrude": 0, "visibility": -1, "drawOrder": null, "icon": null, "snippet": "", "FID": "65", "No": "5", "Y": "-7,65433", "X": "110,32435", "Ruas_Jalan": "KLANGON - TEMPEL", "SRS": "SRS Gunung Merapi", "Jenis": "APJ NUANSA BUDAYA TENAGA LISTRIK", "Posisi": "Kiri", "Foto": "https://drive.google.com/file/d/1ZSn4jcfJbQKrAXvf4gP7HmQl-ahKnNoQ/view?usp=drive_link"}, "geometry": {"type": "Polygon", "coordinates": [[[110.3252483152841, -7.65433], [110.32524398965047, -7.654417265730395], [110.32523105440781, -7.654503691026495], [110.32520963412955, -7.654588443566217], [110.32517993510471, -7.654670707137511], [110.32514224335112, -7.654749689498877], [110.32509692186099, -7.654824630009031], [110.32504440710501, -7.654894806952206], [110.32498520482903, -7.654959544488584], [110.32491988518329, -7.655018219162919], [110.3248490772317, -7.6550702659086305], [110.32477346289355, -7.655115183489621], [110.32469377037624, -7.655152539327336], [110.32461076716231, -7.655181973666676], [110.32452525261802, -7.655203203040524], [110.32443805029524, -7.6552160229996415], [110.32434999999998, -7.655220310081576], [110.32426194970472, -7.6552160229996415], [110.32417474738193, -7.655203203040524], [110.32408923283765, -7.655181973666676], [110.3240062296237, -7.655152539327336], [110.32392653710642, -7.655115183489621], [110.32385092276826, -7.6550702659086305], [110.32378011481667, -7.655018219162919], [110.32371479517093, -7.654959544488584], [110.32365559289494, -7.654894806952206], [110.32360307813896, -7.654824630009031], [110.32355775664884, -7.654749689498877], [110.32352006489523, -7.654670707137511], [110.3234903658704, -7.654588443566217], [110.32346894559214, -7.654503691026495], [110.32345601034949, -7.654417265730395], [110.32345168471586, -7.65433], [110.32345601034949, -7.654242734251742], [110.32346894559214, -7.65415630890274], [110.3234903658704, -7.65407155627711], [110.32352006489523, -7.653989292590205], [110.32355775664884, -7.653910310087967], [110.32360307813896, -7.653835369417092], [110.32365559289494, -7.6537651922995265], [110.32371479517093, -7.6537004545817835], [110.32378011481667, -7.653641779726087], [110.32385092276826, -7.653589732805984], [110.32392653710642, -7.653544815064274], [110.3240062296237, -7.653507459085683], [110.32408923283765, -7.653478024630733], [110.32417474738193, -7.653456795170979], [110.32426194970472, -7.653443975158961], [110.32434999999998, -7.653439688059164], [110.32443805029524, -7.653443975158961], [110.32452525261802, -7.653456795170979], [110.32461076716231, -7.653478024630733], [110.32469377037624, -7.653507459085683], [110.32477346289355, -7.653544815064274], [110.3248490772317, -7.653589732805984], [110.32491988518329, -7.653641779726087], [110.32498520482903, -7.6537004545817835], [110.32504440710501, -7.6537651922995265], [110.32509692186099, -7.653835369417092], [110.32514224335112, -7.653910310087967], [110.32517993510471, -7.653989292590205], [110.32520963412955, -7.65407155627711], [110.32523105440781, -7.65415630890274], [110.32524398965047, -7.654242734251742], [110.3252483152841, -7.65433]]]}}, {"id": "66", "type": "Feature", "properties": {"id": "ID_00066", "Name": "KLANGON - TEMPEL", "timestamp": null, "begin": null, "end": null, "altitudeMode": "clampToGround", "tessellate": -1, "extrude": 0, "visibility": -1, "drawOrder": null, "icon": null, "snippet": "", "FID": "66", "No": "6", "Y": "-7,6545", "X": "110,32411", "Ruas_Jalan": "KLANGON - TEMPEL", "SRS": "SRS Gunung Merapi", "Jenis": "APJ NUANSA BUDAYA TENAGA LISTRIK", "Posisi": "Kiri", "Foto": "https://drive.google.com/file/d/1YvgNDtd_UqAF1jzvKSNbJJ9PrOUQiXVV/view?usp=drive_link"}, "geometry": {"type": "Polygon", "coordinates": [[[110.32500831528412, -7.654499999999999], [110.32500398965051, -7.6545872656955956], [110.32499105440783, -7.654673690957234], [110.32496963412957, -7.654758443463158], [110.32493993510475, -7.654840707001648], [110.32490224335116, -7.6549196893315195], [110.32485692186103, -7.654994629811787], [110.32480440710503, -7.6550648067269735], [110.32474520482906, -7.655129544237539], [110.32467988518333, -7.655188218888475], [110.32460907723173, -7.65524026561343], [110.32453346289358, -7.655285183176504], [110.32445377037628, -7.655322538999326], [110.32437076716235, -7.655351973326927], [110.32428525261805, -7.6553732026923065], [110.32419805029528, -7.65538602264631], [110.32411000000002, -7.655390309726534], [110.32402194970476, -7.65538602264631], [110.32393474738197, -7.6553732026923065], [110.32384923283769, -7.655351973326927], [110.32376622962374, -7.655322538999326], [110.32368653710644, -7.655285183176504], [110.3236109227683, -7.65524026561343], [110.3235401148167, -7.655188218888475], [110.32347479517097, -7.655129544237539], [110.32341559289497, -7.6550648067269735], [110.323363078139, -7.654994629811787], [110.32331775664886, -7.6549196893315195], [110.32328006489526, -7.654840707001648], [110.32325036587044, -7.654758443463158], [110.32322894559218, -7.654673690957234], [110.32321601034951, -7.6545872656955956], [110.32321168471589, -7.654499999999999], [110.32321601034951, -7.654412734286539], [110.32322894559218, -7.654326308972001], [110.32325036587044, -7.654241556380166], [110.32328006489526, -7.654159292726063], [110.32331775664886, -7.654080310255315], [110.323363078139, -7.654005369614325], [110.32341559289497, -7.653935192524741], [110.32347479517097, -7.65387045483281], [110.3235401148167, -7.653811780000508], [110.3236109227683, -7.6537597331011575], [110.32368653710644, -7.653714815377359], [110.32376622962374, -7.653677459413663], [110.32384923283769, -7.6536480249704475], [110.32393474738197, -7.653626795519157], [110.32402194970476, -7.6536139755122505], [110.32411000000002, -7.6536096884141624], [110.32419805029528, -7.6536139755122505], [110.32428525261805, -7.653626795519157], [110.32437076716235, -7.6536480249704475], [110.32445377037628, -7.653677459413663], [110.32453346289358, -7.653714815377359], [110.32460907723173, -7.6537597331011575], [110.32467988518333, -7.653811780000508], [110.32474520482906, -7.65387045483281], [110.32480440710503, -7.653935192524741], [110.32485692186103, -7.654005369614325], [110.32490224335116, -7.654080310255315], [110.32493993510475, -7.654159292726063], [110.32496963412957, -7.654241556380166], [110.32499105440783, -7.654326308972001], [110.32500398965051, -7.654412734286539], [110.32500831528412, -7.654499999999999]]]}}, {"id": "67", "type": "Feature", "properties": {"id": "ID_00067", "Name": "KLANGON - TEMPEL", "timestamp": null, "begin": null, "end": null, "altitudeMode": "clampToGround", "tessellate": -1, "extrude": 0, "visibility": -1, "drawOrder": null, "icon": null, "snippet": "", "FID": "67", "No": "7", "Y": "-7,65475", "X": "110,32389", "Ruas_Jalan": "KLANGON - TEMPEL", "SRS": "SRS Gunung Merapi", "Jenis": "APJ NUANSA BUDAYA TENAGA LISTRIK", "Posisi": "Kiri", "Foto": "https://drive.google.com/file/d/1uLxXS8Rk4Q-t1PTObPhqhWLpl813e8l7/view?usp=drive_link"}, "geometry": {"type": "Polygon", "coordinates": [[[110.32478831528412, -7.65475], [110.3247839896505, -7.654837265644422], [110.32477105440783, -7.654923690855375], [110.32474963412957, -7.6550084433115995], [110.32471993510475, -7.655090706801845], [110.32468224335115, -7.655169689085396], [110.32463692186101, -7.6552446295217145], [110.32458440710504, -7.655314806395746], [110.32452520482904, -7.655379543868345], [110.3244598851833, -7.655438218484867], [110.32438907723171, -7.655490265179297], [110.32431346289357, -7.655535182716029], [110.32423377037627, -7.6555725385169415], [110.32415076716232, -7.65560197282728], [110.32406525261804, -7.65562320218021], [110.32397805029525, -7.6556360221266955], [110.32388999999999, -7.655640309204406], [110.32380194970473, -7.6556360221266955], [110.32371474738196, -7.65562320218021], [110.32362923283766, -7.65560197282728], [110.32354622962373, -7.6555725385169415], [110.32346653710643, -7.655535182716029], [110.32339092276828, -7.655490265179297], [110.32332011481668, -7.655438218484867], [110.32325479517094, -7.655379543868345], [110.32319559289495, -7.655314806395746], [110.32314307813898, -7.6552446295217145], [110.32309775664885, -7.655169689085396], [110.32306006489524, -7.655090706801845], [110.32303036587042, -7.6550084433115995], [110.32300894559215, -7.654923690855375], [110.3229960103495, -7.654837265644422], [110.32299168471587, -7.65475], [110.3229960103495, -7.654662734337716], [110.32300894559215, -7.654576309073858], [110.32303036587042, -7.65449155653172], [110.32306006489524, -7.654409292925856], [110.32309775664885, -7.654330310501428], [110.32314307813898, -7.654255369904379], [110.32319559289495, -7.654185192855947], [110.32325479517094, -7.654120455201977], [110.32332011481668, -7.654061780404081], [110.32339092276828, -7.654009733535249], [110.32346653710643, -7.653964815837788], [110.32354622962373, -7.6539274598959945], [110.32362923283766, -7.65389802547004], [110.32371474738196, -7.653876796031199], [110.32380194970473, -7.6538639760318095], [110.32388999999999, -7.653859688936236], [110.32397805029525, -7.6538639760318095], [110.32406525261804, -7.653876796031199], [110.32415076716232, -7.65389802547004], [110.32423377037627, -7.6539274598959945], [110.32431346289357, -7.653964815837788], [110.32438907723171, -7.654009733535249], [110.3244598851833, -7.654061780404081], [110.32452520482904, -7.654120455201977], [110.32458440710504, -7.654185192855947], [110.32463692186101, -7.654255369904379], [110.32468224335115, -7.654330310501428], [110.32471993510475, -7.654409292925856], [110.32474963412957, -7.65449155653172], [110.32477105440783, -7.654576309073858], [110.3247839896505, -7.654662734337716], [110.32478831528412, -7.65475]]]}}, {"id": "68", "type": "Feature", "properties": {"id": "ID_00068", "Name": "KLANGON - TEMPEL", "timestamp": null, "begin": null, "end": null, "altitudeMode": "clampToGround", "tessellate": -1, "extrude": 0, "visibility": -1, "drawOrder": null, "icon": null, "snippet": "", "FID": "68", "No": "8", "Y": "-7,65503", "X": "110,32362", "Ruas_Jalan": "KLANGON - TEMPEL", "SRS": "SRS Gunung Merapi", "Jenis": "APJ NUANSA BUDAYA TENAGA LISTRIK", "Posisi": "Kiri", "Foto": "https://drive.google.com/file/d/17MCkJnBSL9fGs4Z9EwpjmAxMwZutt_ao/view?usp=drive_link"}, "geometry": {"type": "Polygon", "coordinates": [[[110.32451831528412, -7.65503], [110.3245139896505, -7.655117265587103], [110.32450105440783, -7.655203690741291], [110.32447963412957, -7.655288443141847], [110.32444993510475, -7.655370706578057], [110.32441224335115, -7.655449688809728], [110.32436692186103, -7.6555246291968215], [110.32431440710504, -7.655594806024756], [110.32425520482904, -7.65565954345483], [110.32418988518332, -7.655718218032812], [110.32411907723173, -7.655770264693055], [110.32404346289357, -7.65581518220028], [110.32396377037628, -7.655852537976652], [110.32388076716232, -7.655881972267656], [110.32379525261805, -7.65590320160664], [110.32370805029527, -7.655916021544705], [110.32361999999999, -7.655920308619599], [110.32353194970473, -7.655916021544705], [110.32344474738196, -7.65590320160664], [110.32335923283767, -7.655881972267656], [110.32327622962373, -7.655852537976652], [110.32319653710643, -7.65581518220028], [110.32312092276828, -7.655770264693055], [110.32305011481668, -7.655718218032812], [110.32298479517095, -7.65565954345483], [110.32292559289496, -7.655594806024756], [110.32287307813898, -7.6555246291968215], [110.32282775664885, -7.655449688809728], [110.32279006489526, -7.655370706578057], [110.32276036587044, -7.655288443141847], [110.32273894559216, -7.655203690741291], [110.3227260103495, -7.655117265587103], [110.32272168471589, -7.65503], [110.3227260103495, -7.654942734395032], [110.32273894559216, -7.65485630918794], [110.32276036587044, -7.654771556701468], [110.32279006489526, -7.654689293149639], [110.32282775664885, -7.65461031077708], [110.32287307813898, -7.654535370229251], [110.32292559289496, -7.65446519322691], [110.32298479517095, -7.654400455615458], [110.32305011481668, -7.6543417808560985], [110.32312092276828, -7.654289734021446], [110.32319653710643, -7.6542448163534855], [110.32327622962373, -7.654207460436228], [110.32335923283767, -7.654178026029603], [110.32344474738196, -7.654156796604704], [110.32353194970473, -7.654143976613733], [110.32361999999999, -7.654139689520978], [110.32370805029527, -7.654143976613733], [110.32379525261805, -7.654156796604704], [110.32388076716232, -7.654178026029603], [110.32396377037628, -7.654207460436228], [110.32404346289357, -7.6542448163534855], [110.32411907723173, -7.654289734021446], [110.32418988518332, -7.6543417808560985], [110.32425520482904, -7.654400455615458], [110.32431440710504, -7.65446519322691], [110.32436692186103, -7.654535370229251], [110.32441224335115, -7.65461031077708], [110.32444993510475, -7.654689293149639], [110.32447963412957, -7.654771556701468], [110.32450105440783, -7.65485630918794], [110.3245139896505, -7.654942734395032], [110.32451831528412, -7.65503]]]}}, {"id": "69", "type": "Feature", "properties": {"id": "ID_00069", "Name": "KLANGON - TEMPEL", "timestamp": null, "begin": null, "end": null, "altitudeMode": "clampToGround", "tessellate": -1, "extrude": 0, "visibility": -1, "drawOrder": null, "icon": null, "snippet": "", "FID": "69", "No": "9", "Y": "-7,65529", "X": "110,32336", "Ruas_Jalan": "KLANGON - TEMPEL", "SRS": "SRS Gunung Merapi", "Jenis": "APJ NUANSA BUDAYA TENAGA LISTRIK DAN BOX KWH", "Posisi": "Kiri", "Foto": "https://drive.google.com/file/d/1IUgSdYKds_Wc0K7e0IsSokp5pJ4YOdT2/view?usp=drive_link"}, "geometry": {"type": "Polygon", "coordinates": [[[110.32425831528411, -7.655289999999999], [110.3242539896505, -7.655377265533876], [110.32424105440782, -7.655463690635349], [110.32421963412956, -7.65554844298421], [110.32418993510474, -7.655630706370244], [110.32415224335115, -7.65570968855374], [110.32410692186102, -7.655784628895122], [110.32405440710502, -7.65585480568025], [110.32399520482905, -7.655919543070836], [110.32392988518332, -7.65597821761303], [110.32385907723172, -7.656030264241524], [110.32378346289357, -7.65607518172135], [110.32370377037627, -7.656112537474938], [110.32362076716232, -7.656141971747985], [110.32353525261804, -7.65616320107402], [110.32344805029526, -7.656176021004264], [110.32336, -7.656180308076544], [110.32327194970473, -7.656176021004264], [110.32318474738196, -7.65616320107402], [110.32309923283766, -7.656141971747985], [110.32301622962373, -7.656112537474938], [110.32293653710643, -7.65607518172135], [110.32286092276829, -7.656030264241524], [110.32279011481668, -7.65597821761303], [110.32272479517096, -7.655919543070836], [110.32266559289496, -7.65585480568025], [110.32261307813899, -7.655784628895122], [110.32256775664885, -7.65570968855374], [110.32253006489525, -7.655630706370244], [110.32250036587043, -7.65554844298421], [110.32247894559217, -7.655463690635349], [110.3224660103495, -7.655377265533876], [110.32246168471588, -7.655289999999999], [110.3224660103495, -7.655202734448254], [110.32247894559217, -7.655116309293876], [110.32250036587043, -7.655031556859096], [110.32253006489525, -7.654949293357436], [110.32256775664885, -7.6548703110330525], [110.32261307813899, -7.65479537053093], [110.32266559289496, -7.654725193571386], [110.32272479517096, -7.654660455999417], [110.32279011481668, -7.654601781275839], [110.32286092276829, -7.654549734472932], [110.32293653710643, -7.654504816832365], [110.32301622962373, -7.654467460937886], [110.32309923283766, -7.654438026549214], [110.32318474738196, -7.654416797137261], [110.32327194970473, -7.654403977154112], [110.32336, -7.654399690063966], [110.32344805029526, -7.654403977154112], [110.32353525261804, -7.654416797137261], [110.32362076716232, -7.654438026549214], [110.32370377037627, -7.654467460937886], [110.32378346289357, -7.654504816832365], [110.32385907723172, -7.654549734472932], [110.32392988518332, -7.654601781275839], [110.32399520482905, -7.654660455999417], [110.32405440710502, -7.654725193571386], [110.32410692186102, -7.65479537053093], [110.32415224335115, -7.6548703110330525], [110.32418993510474, -7.654949293357436], [110.32421963412956, -7.655031556859096], [110.32424105440782, -7.655116309293876], [110.3242539896505, -7.655202734448254], [110.32425831528411, -7.655289999999999]]]}}, {"id": "70", "type": "Feature", "properties": {"id": "ID_00070", "Name": "KLANGON - TEMPEL", "timestamp": null, "begin": null, "end": null, "altitudeMode": "clampToGround", "tessellate": -1, "extrude": 0, "visibility": -1, "drawOrder": null, "icon": null, "snippet": "", "FID": "70", "No": "10", "Y": "-7,65543", "X": "110,32322", "Ruas_Jalan": "KLANGON - TEMPEL", "SRS": "SRS Gunung Merapi", "Jenis": "APJ NUANSA BUDAYA TENAGA LISTRIK", "Posisi": "Kiri", "Foto": "https://drive.google.com/file/d/18OwsDwBtQVU4M4JPYmcygd_8_Da-0PTB/view?usp=drive_link"}, "geometry": {"type": "Polygon", "coordinates": [[[110.32411831528412, -7.655430000000001], [110.3241139896505, -7.655517265505215], [110.32410105440783, -7.655603690578304], [110.32407963412957, -7.6556884428993275], [110.32404993510474, -7.655770706258345], [110.32401224335115, -7.655849688415897], [110.32396692186101, -7.6559246287326665], [110.32391440710505, -7.655994805494744], [110.32385520482906, -7.656059542864068], [110.32378988518332, -7.656118217386989], [110.32371907723173, -7.656170263998386], [110.32364346289357, -7.65621518146346], [110.32356377037627, -7.656252537204778], [110.32348076716234, -7.656281971468157], [110.32339525261804, -7.65630320078722], [110.32330805029527, -7.656316020713252], [110.32322, -7.656320307784122], [110.32313194970475, -7.656316020713252], [110.32304474738196, -7.65630320078722], [110.32295923283768, -7.656281971468157], [110.32287622962374, -7.656252537204778], [110.32279653710643, -7.65621518146346], [110.32272092276828, -7.656170263998386], [110.3226501148167, -7.656118217386989], [110.32258479517095, -7.656059542864068], [110.32252559289496, -7.655994805494744], [110.322473078139, -7.6559246287326665], [110.32242775664885, -7.655849688415897], [110.32239006489526, -7.655770706258345], [110.32236036587042, -7.6556884428993275], [110.32233894559216, -7.655603690578304], [110.3223260103495, -7.655517265505215], [110.32232168471587, -7.655430000000001], [110.3223260103495, -7.655342734476916], [110.32233894559216, -7.655256309350921], [110.32236036587042, -7.655171556943976], [110.32239006489526, -7.6550892934693335], [110.32242775664885, -7.655010311170886], [110.322473078139, -7.654935370693375], [110.32252559289496, -7.654865193756878], [110.32258479517095, -7.654800456206169], [110.3226501148167, -7.65474178150186], [110.32272092276828, -7.6546897347160465], [110.32279653710643, -7.654644817090228], [110.32287622962374, -7.654607461208019], [110.32295923283768, -7.654578026829013], [110.32304474738196, -7.654556797424032], [110.32313194970475, -7.654543977445091], [110.32322, -7.654539690356356], [110.32330805029527, -7.654543977445091], [110.32339525261804, -7.654556797424032], [110.32348076716234, -7.654578026829013], [110.32356377037627, -7.654607461208019], [110.32364346289357, -7.654644817090228], [110.32371907723173, -7.6546897347160465], [110.32378988518332, -7.65474178150186], [110.32385520482906, -7.654800456206169], [110.32391440710505, -7.654865193756878], [110.32396692186101, -7.654935370693375], [110.32401224335115, -7.655010311170886], [110.32404993510474, -7.6550892934693335], [110.32407963412957, -7.655171556943976], [110.32410105440783, -7.655256309350921], [110.3241139896505, -7.655342734476916], [110.32411831528412, -7.655430000000001]]]}}, {"id": "71", "type": "Feature", "properties": {"id": "ID_00071", "Name": "KLANGON - TEMPEL", "timestamp": null, "begin": null, "end": null, "altitudeMode": "clampToGround", "tessellate": -1, "extrude": 0, "visibility": -1, "drawOrder": null, "icon": null, "snippet": "", "FID": "71", "No": "11", "Y": "-7,65566", "X": "110,32303", "Ruas_Jalan": "KLANGON - TEMPEL", "SRS": "SRS Gunung Merapi", "Jenis": "APJ NUANSA BUDAYA TENAGA LISTRIK", "Posisi": "Kiri", "Foto": "https://drive.google.com/file/d/1O8bcSc0DTMh0eXehjSCO3nfDJVvL3y8W/view?usp=drive_link"}, "geometry": {"type": "Polygon", "coordinates": [[[110.32392831528412, -7.655660000000001], [110.3239239896505, -7.655747265458131], [110.32391105440783, -7.655833690484584], [110.32388963412957, -7.655918442759877], [110.32385993510474, -7.656000706074504], [110.32382224335116, -7.65607968818944], [110.32377692186101, -7.656154628465768], [110.32372440710503, -7.656224805189979], [110.32366520482906, -7.65628954252437], [110.32359988518331, -7.656348217015626], [110.32352907723173, -7.6564002635989405], [110.32345346289357, -7.656445181039775], [110.32337377037626, -7.656482536760933], [110.32329076716232, -7.65651197100843], [110.32320525261805, -7.656533200316035], [110.32311805029526, -7.656546020235147], [110.32303, -7.656550307303705], [110.32294194970473, -7.656546020235147], [110.32285474738195, -7.656533200316035], [110.32276923283767, -7.65651197100843], [110.32268622962373, -7.656482536760933], [110.32260653710644, -7.656445181039775], [110.32253092276828, -7.6564002635989405], [110.32246011481668, -7.656348217015626], [110.32239479517094, -7.65628954252437], [110.32233559289496, -7.656224805189979], [110.32228307813898, -7.656154628465768], [110.32223775664885, -7.65607968818944], [110.32220006489526, -7.656000706074504], [110.32217036587042, -7.655918442759877], [110.32214894559216, -7.655833690484584], [110.32213601034951, -7.655747265458131], [110.32213168471588, -7.655660000000001], [110.32213601034951, -7.655572734524004], [110.32214894559216, -7.655486309444641], [110.32217036587042, -7.655401557083426], [110.32220006489526, -7.655319293653168], [110.32223775664885, -7.655240311397336], [110.32228307813898, -7.655165370960259], [110.32233559289496, -7.655095194061627], [110.32239479517094, -7.655030456545846], [110.32246011481668, -7.654971781873194], [110.32253092276828, -7.654919735115459], [110.32260653710644, -7.6548748175138766], [110.32268622962373, -7.654837461651821], [110.32276923283767, -7.654808027288695], [110.32285474738195, -7.654786797895169], [110.32294194970473, -7.654773977923145], [110.32303, -7.654769690836721], [110.32311805029526, -7.654773977923145], [110.32320525261805, -7.654786797895169], [110.32329076716232, -7.654808027288695], [110.32337377037626, -7.654837461651821], [110.32345346289357, -7.6548748175138766], [110.32352907723173, -7.654919735115459], [110.32359988518331, -7.654971781873194], [110.32366520482906, -7.655030456545846], [110.32372440710503, -7.655095194061627], [110.32377692186101, -7.655165370960259], [110.32382224335116, -7.655240311397336], [110.32385993510474, -7.655319293653168], [110.32388963412957, -7.655401557083426], [110.32391105440783, -7.655486309444641], [110.3239239896505, -7.655572734524004], [110.32392831528412, -7.655660000000001]]]}}, {"id": "72", "type": "Feature", "properties": {"id": "ID_00072", "Name": "KLANGON - TEMPEL", "timestamp": null, "begin": null, "end": null, "altitudeMode": "clampToGround", "tessellate": -1, "extrude": 0, "visibility": -1, "drawOrder": null, "icon": null, "snippet": "", "FID": "72", "No": "12", "Y": "-7,65592", "X": "110,32275", "Ruas_Jalan": "KLANGON - TEMPEL", "SRS": "SRS Gunung Merapi", "Jenis": "APJ NUANSA BUDAYA TENAGA LISTRIK", "Posisi": "Kiri", "Foto": "https://drive.google.com/file/d/1ZFvPlyTEgUXzmcGNx5qP_mdQWvcNIgO7/view?usp=drive_link"}, "geometry": {"type": "Polygon", "coordinates": [[[110.32364831528412, -7.65592], [110.32364398965049, -7.6560072654049005], [110.32363105440783, -7.656093690378637], [110.32360963412957, -7.656178442602231], [110.32357993510475, -7.656260705866678], [110.32354224335114, -7.656339687933434], [110.32349692186102, -7.656414628164048], [110.32344440710503, -7.656484804845451], [110.32338520482904, -7.656549542140348], [110.32331988518331, -7.656608216595812], [110.32324907723171, -7.6566602631473755], [110.32317346289356, -7.6567051805608095], [110.32309377037627, -7.656742536259178], [110.32301076716232, -7.656771970488719], [110.32292525261805, -7.6567931997833725], [110.32283805029525, -7.656806019694667], [110.32274999999998, -7.656810306760609], [110.32266194970472, -7.656806019694667], [110.32257474738195, -7.6567931997833725], [110.32248923283765, -7.656771970488719], [110.32240622962372, -7.656742536259178], [110.32232653710642, -7.6567051805608095], [110.32225092276828, -7.6566602631473755], [110.32218011481667, -7.656608216595812], [110.32211479517095, -7.656549542140348], [110.32205559289497, -7.656484804845451], [110.32200307813898, -7.656414628164048], [110.32195775664884, -7.656339687933434], [110.32192006489525, -7.656260705866678], [110.32189036587043, -7.656178442602231], [110.32186894559217, -7.656093690378637], [110.32185601034949, -7.6560072654049005], [110.32185168471588, -7.65592], [110.32185601034949, -7.655832734577236], [110.32186894559217, -7.6557463095505875], [110.32189036587043, -7.655661557241067], [110.32192006489525, -7.655579293860986], [110.32195775664884, -7.655500311653331], [110.32200307813898, -7.655425371261963], [110.32205559289497, -7.655355194406133], [110.32211479517095, -7.655290456929838], [110.32218011481667, -7.655231782292974], [110.32225092276828, -7.655179735566983], [110.32232653710642, -7.655134817992796], [110.32240622962372, -7.655097462153526], [110.32248923283765, -7.655068027808352], [110.32257474738195, -7.655046798427772], [110.32266194970472, -7.655033978463566], [110.32274999999998, -7.655029691379758], [110.32283805029525, -7.655033978463566], [110.32292525261805, -7.655046798427772], [110.32301076716232, -7.655068027808352], [110.32309377037627, -7.655097462153526], [110.32317346289356, -7.655134817992796], [110.32324907723171, -7.655179735566983], [110.32331988518331, -7.655231782292974], [110.32338520482904, -7.655290456929838], [110.32344440710503, -7.655355194406133], [110.32349692186102, -7.655425371261963], [110.32354224335114, -7.655500311653331], [110.32357993510475, -7.655579293860986], [110.32360963412957, -7.655661557241067], [110.32363105440783, -7.6557463095505875], [110.32364398965049, -7.655832734577236], [110.32364831528412, -7.65592]]]}}, {"id": "73", "type": "Feature", "properties": {"id": "ID_00073", "Name": "KLANGON - TEMPEL", "timestamp": null, "begin": null, "end": null, "altitudeMode": "clampToGround", "tessellate": -1, "extrude": 0, "visibility": -1, "drawOrder": null, "icon": null, "snippet": "", "FID": "73", "No": "13", "Y": "-7,65627", "X": "110,32244", "Ruas_Jalan": "KLANGON - TEMPEL", "SRS": "SRS Gunung Merapi", "Jenis": "APJ NUANSA BUDAYA TENAGA LISTRIK", "Posisi": "Kiri", "Foto": "https://drive.google.com/file/d/1JvEHdn6_tMq8OioouokrntI0WiNqYpuW/view?usp=drive_link"}, "geometry": {"type": "Polygon", "coordinates": [[[110.32333831528412, -7.65627], [110.3233339896505, -7.65635726533324], [110.32332105440783, -7.656443690236006], [110.32329963412957, -7.656528442390005], [110.32326993510473, -7.656610705586896], [110.32323224335114, -7.656689687588793], [110.32318692186101, -7.656764627757865], [110.32313440710503, -7.6568348043816385], [110.32307520482905, -7.656899541623373], [110.32300988518331, -7.656958216030652], [110.32293907723172, -7.657010262539475], [110.32286346289357, -7.657055179916019], [110.32278377037626, -7.657092535583709], [110.32270076716233, -7.6571219697890776], [110.32261525261804, -7.657143199066297], [110.32252805029526, -7.657156018967063], [110.32244, -7.657160306029485], [110.32235194970474, -7.657156018967063], [110.32226474738195, -7.657143199066297], [110.32217923283767, -7.6571219697890776], [110.32209622962372, -7.657092535583709], [110.32201653710644, -7.657055179916019], [110.32194092276828, -7.657010262539475], [110.32187011481669, -7.656958216030652], [110.32180479517095, -7.656899541623373], [110.32174559289496, -7.6568348043816385], [110.32169307813898, -7.656764627757865], [110.32164775664886, -7.656689687588793], [110.32161006489525, -7.656610705586896], [110.32158036587042, -7.656528442390005], [110.32155894559216, -7.656443690236006], [110.32154601034951, -7.65635726533324], [110.32154168471587, -7.65627], [110.32154601034951, -7.656182734648893], [110.32155894559216, -7.656096309693212], [110.32158036587042, -7.656011557453285], [110.32161006489525, -7.655929294140754], [110.32164775664886, -7.655850311997951], [110.32169307813898, -7.655775371668117], [110.32174559289496, -7.655705194869908], [110.32180479517095, -7.655640457446769], [110.32187011481669, -7.655581782858081], [110.32194092276828, -7.655529736174823], [110.32201653710644, -7.655484818637518], [110.32209622962372, -7.65544746282892], [110.32217923283767, -7.655418028507914], [110.32226474738195, -7.655396799144767], [110.32235194970474, -7.655383979191085], [110.32244, -7.655379692110795], [110.32252805029526, -7.655383979191085], [110.32261525261804, -7.655396799144767], [110.32270076716233, -7.655418028507914], [110.32278377037626, -7.65544746282892], [110.32286346289357, -7.655484818637518], [110.32293907723172, -7.655529736174823], [110.32300988518331, -7.655581782858081], [110.32307520482905, -7.655640457446769], [110.32313440710503, -7.655705194869908], [110.32318692186101, -7.655775371668117], [110.32323224335114, -7.655850311997951], [110.32326993510473, -7.655929294140754], [110.32329963412957, -7.656011557453285], [110.32332105440783, -7.656096309693212], [110.3233339896505, -7.656182734648893], [110.32333831528412, -7.65627]]]}}, {"id": "74", "type": "Feature", "properties": {"id": "ID_00074", "Name": "KLANGON - TEMPEL", "timestamp": null, "begin": null, "end": null, "altitudeMode": "clampToGround", "tessellate": -1, "extrude": 0, "visibility": -1, "drawOrder": null, "icon": null, "snippet": "", "FID": "74", "No": "14", "Y": "-7,65665", "X": "110,32211", "Ruas_Jalan": "KLANGON - TEMPEL", "SRS": "SRS Gunung Merapi", "Jenis": "APJ NUANSA BUDAYA TENAGA LISTRIK DAN BOX KWH", "Posisi": "Kiri", "Foto": "https://drive.google.com/file/d/1637hIYTdKZmEC60DvD8d1wZLG4B61NMt/view?usp=drive_link"}, "geometry": {"type": "Polygon", "coordinates": [[[110.3230083152841, -7.65665], [110.32300398965047, -7.656737265255437], [110.32299105440782, -7.656823690081145], [110.32296963412956, -7.656908442159577], [110.32293993510473, -7.656990705283122], [110.32290224335112, -7.657069687214595], [110.32285692186099, -7.657144627316851], [110.32280440710502, -7.65721480387805], [110.32274520482903, -7.657279541062062], [110.32267988518329, -7.657338215417023], [110.3226090772317, -7.657390261879437], [110.32253346289355, -7.657435179215928], [110.32245377037624, -7.657472534850313], [110.32237076716231, -7.6575019690294335], [110.32228525261802, -7.657523198287724], [110.32219805029524, -7.6575360181770575], [110.32210999999998, -7.657540305235655], [110.32202194970472, -7.6575360181770575], [110.32193474738193, -7.657523198287724], [110.32184923283765, -7.6575019690294335], [110.32176622962372, -7.657472534850313], [110.32168653710642, -7.657435179215928], [110.32161092276826, -7.657390261879437], [110.32154011481667, -7.657338215417023], [110.32147479517093, -7.657279541062062], [110.32141559289494, -7.65721480387805], [110.32136307813897, -7.657144627316851], [110.32131775664882, -7.657069687214595], [110.32128006489525, -7.656990705283122], [110.3212503658704, -7.656908442159577], [110.32122894559215, -7.656823690081145], [110.32121601034949, -7.656737265255437], [110.32121168471585, -7.65665], [110.32121601034949, -7.6565627347266965], [110.32122894559215, -7.6564763098480695], [110.3212503658704, -7.656391557683705], [110.32128006489525, -7.656309294444514], [110.32131775664882, -7.656230312372125], [110.32136307813897, -7.656155372109105], [110.32141559289494, -7.656085195373461], [110.32147479517093, -7.656020458008035], [110.32154011481667, -7.655961783471656], [110.32161092276826, -7.6559097368348], [110.32168653710642, -7.6558648193375385], [110.32176622962372, -7.6558274635622405], [110.32184923283765, -7.6557980292674745], [110.32193474738193, -7.6557767999232516], [110.32202194970472, -7.655763979981001], [110.32210999999998, -7.655759692904533], [110.32219805029524, -7.655763979981001], [110.32228525261802, -7.6557767999232516], [110.32237076716231, -7.6557980292674745], [110.32245377037624, -7.6558274635622405], [110.32253346289355, -7.6558648193375385], [110.3226090772317, -7.6559097368348], [110.32267988518329, -7.655961783471656], [110.32274520482903, -7.656020458008035], [110.32280440710502, -7.656085195373461], [110.32285692186099, -7.656155372109105], [110.32290224335112, -7.656230312372125], [110.32293993510473, -7.656309294444514], [110.32296963412956, -7.656391557683705], [110.32299105440782, -7.6564763098480695], [110.32300398965047, -7.6565627347266965], [110.3230083152841, -7.65665]]]}}, {"id": "75", "type": "Feature", "properties": {"id": "ID_00075", "Name": "KLANGON - TEMPEL", "timestamp": null, "begin": null, "end": null, "altitudeMode": "clampToGround", "tessellate": -1, "extrude": 0, "visibility": -1, "drawOrder": null, "icon": null, "snippet": "", "FID": "75", "No": "15", "Y": "-7,65676", "X": "110,32205", "Ruas_Jalan": "KLANGON - TEMPEL", "SRS": "SRS Gunung Merapi", "Jenis": "APJ NUANSA BUDAYA TENAGA LISTRIK", "Posisi": "Kiri", "Foto": "https://drive.google.com/file/d/1_oJiQ3iakGREEjeAHSX21Y5T0GBhRxoH/view?usp=drive_link"}, "geometry": {"type": "Polygon", "coordinates": [[[110.32294831528414, -7.656760000000001], [110.32294398965051, -7.656847265232913], [110.32293105440783, -7.656933690036318], [110.32290963412959, -7.657018442092874], [110.32287993510475, -7.657100705195187], [110.32284224335116, -7.6571796871062725], [110.32279692186103, -7.657254627189184], [110.32274440710505, -7.65732480373227], [110.32268520482906, -7.657389540899572], [110.32261988518333, -7.65744821523939], [110.32254907723173, -7.657500261688367], [110.32247346289358, -7.657545179013267], [110.32239377037628, -7.657582534638006], [110.32231076716234, -7.65761196880953], [110.32222525261805, -7.657633198062341], [110.32213805029527, -7.657646017948363], [110.32205, -7.657650305005856], [110.32196194970474, -7.657646017948363], [110.32187474738197, -7.657633198062341], [110.32178923283767, -7.65761196880953], [110.32170622962374, -7.657582534638006], [110.32162653710644, -7.657545179013267], [110.3215509227683, -7.657500261688367], [110.3214801148167, -7.65744821523939], [110.32141479517097, -7.657389540899572], [110.32135559289497, -7.65732480373227], [110.321303078139, -7.657254627189184], [110.32125775664886, -7.6571796871062725], [110.32122006489526, -7.657100705195187], [110.32119036587044, -7.657018442092874], [110.32116894559218, -7.656933690036318], [110.32115601034951, -7.656847265232913], [110.32115168471589, -7.656760000000001], [110.32115601034951, -7.656672734749221], [110.32116894559218, -7.656586309892897], [110.32119036587044, -7.656501557750406], [110.32122006489526, -7.65641929453245], [110.32125775664886, -7.656340312480446], [110.321303078139, -7.656265372236765], [110.32135559289497, -7.656195195519231], [110.32141479517097, -7.656130458170513], [110.3214801148167, -7.6560717836492795], [110.3215509227683, -7.6560197370258525], [110.32162653710644, -7.655974819540182], [110.32170622962374, -7.655937463774526], [110.32178923283767, -7.655908029487355], [110.32187474738197, -7.655886800148613], [110.32196194970474, -7.655873980209669], [110.32205, -7.655869693134308], [110.32213805029527, -7.655873980209669], [110.32222525261805, -7.655886800148613], [110.32231076716234, -7.655908029487355], [110.32239377037628, -7.655937463774526], [110.32247346289358, -7.655974819540182], [110.32254907723173, -7.6560197370258525], [110.32261988518333, -7.6560717836492795], [110.32268520482906, -7.656130458170513], [110.32274440710505, -7.656195195519231], [110.32279692186103, -7.656265372236765], [110.32284224335116, -7.656340312480446], [110.32287993510475, -7.65641929453245], [110.32290963412959, -7.656501557750406], [110.32293105440783, -7.656586309892897], [110.32294398965051, -7.656672734749221], [110.32294831528414, -7.656760000000001]]]}}, {"id": "76", "type": "Feature", "properties": {"id": "ID_00076", "Name": "KLANGON - TEMPEL", "timestamp": null, "begin": null, "end": null, "altitudeMode": "clampToGround", "tessellate": -1, "extrude": 0, "visibility": -1, "drawOrder": null, "icon": null, "snippet": "", "FID": "76", "No": "16", "Y": "-7,65705", "X": "110,32177", "Ruas_Jalan": "KLANGON - TEMPEL", "SRS": "SRS Gunung Merapi", "Jenis": "APJ NUANSA BUDAYA TENAGA LISTRIK", "Posisi": "Kiri", "Foto": "https://drive.google.com/file/d/1uXQX3rt0RIrVOa6QJkfoNY6bbuukSmyH/view?usp=drive_link"}, "geometry": {"type": "Polygon", "coordinates": [[[110.3226683152841, -7.657049999999999], [110.32266398965048, -7.657137265173531], [110.32265105440783, -7.657223689918125], [110.32262963412956, -7.65730844191701], [110.32259993510473, -7.657390704963342], [110.32256224335113, -7.657469686820683], [110.32251692186101, -7.657544626852597], [110.32246440710503, -7.657614803347928], [110.32240520482904, -7.657679540471174], [110.3223398851833, -7.657738214771064], [110.32226907723171, -7.657790261184623], [110.32219346289355, -7.657835178478955], [110.32211377037626, -7.657872534078273], [110.32203076716232, -7.6579019682297655], [110.32194525261804, -7.65792319746813], [110.32185805029526, -7.657936017345431], [110.32176999999999, -7.657940304400004], [110.32168194970473, -7.657936017345431], [110.32159474738194, -7.65792319746813], [110.32150923283767, -7.6579019682297655], [110.32142622962371, -7.657872534078273], [110.32134653710641, -7.657835178478955], [110.32127092276826, -7.657790261184623], [110.32120011481668, -7.657738214771064], [110.32113479517093, -7.657679540471174], [110.32107559289496, -7.657614803347928], [110.32102307813898, -7.657544626852597], [110.32097775664883, -7.657469686820683], [110.32094006489524, -7.657390704963342], [110.32091036587042, -7.65730844191701], [110.32088894559216, -7.657223689918125], [110.32087601034948, -7.657137265173531], [110.32087168471587, -7.657049999999999], [110.32087601034948, -7.656962734808597], [110.32088894559216, -7.656876310011085], [110.32091036587042, -7.656791557926261], [110.32094006489524, -7.656709294764279], [110.32097775664883, -7.656630312766017], [110.32102307813898, -7.656555372573324], [110.32107559289496, -7.656485195903543], [110.32113479517093, -7.6564204585988715], [110.32120011481668, -7.656361784117556], [110.32127092276826, -7.656309737529544], [110.32134653710641, -7.656264820074436], [110.32142622962371, -7.656227464334197], [110.32150923283767, -7.656198030067053], [110.32159474738194, -7.656176800742753], [110.32168194970473, -7.656163980812534], [110.32176999999999, -7.656159693740089], [110.32185805029526, -7.656163980812534], [110.32194525261804, -7.656176800742753], [110.32203076716232, -7.656198030067053], [110.32211377037626, -7.656227464334197], [110.32219346289355, -7.656264820074436], [110.32226907723171, -7.656309737529544], [110.3223398851833, -7.656361784117556], [110.32240520482904, -7.6564204585988715], [110.32246440710503, -7.656485195903543], [110.32251692186101, -7.656555372573324], [110.32256224335113, -7.656630312766017], [110.32259993510473, -7.656709294764279], [110.32262963412956, -7.656791557926261], [110.32265105440783, -7.656876310011085], [110.32266398965048, -7.656962734808597], [110.3226683152841, -7.657049999999999]]]}}, {"id": "77", "type": "Feature", "properties": {"id": "ID_00077", "Name": "KLANGON - TEMPEL", "timestamp": null, "begin": null, "end": null, "altitudeMode": "clampToGround", "tessellate": -1, "extrude": 0, "visibility": -1, "drawOrder": null, "icon": null, "snippet": "", "FID": "77", "No": "17", "Y": "-7,6572", "X": "110,32162", "Ruas_Jalan": "KLANGON - TEMPEL", "SRS": "SRS Gunung Merapi", "Jenis": "APJ NUANSA BUDAYA TENAGA LISTRIK", "Posisi": "Kiri", "Foto": "https://drive.google.com/file/d/1K8I57UrxF0obWwLAMPBKtpJp_qDEPKnb/view?usp=drive_link"}, "geometry": {"type": "Polygon", "coordinates": [[[110.3225183152841, -7.6572], [110.32251398965049, -7.657287265142815], [110.32250105440781, -7.657373689856991], [110.32247963412955, -7.657458441826046], [110.32244993510473, -7.657540704843423], [110.32241224335114, -7.6576196866729624], [110.322366921861, -7.657694626678499], [110.32231440710501, -7.657764803149128], [110.32225520482903, -7.657829540249585], [110.3221898851833, -7.657888214528822], [110.3221190772317, -7.657940260924062], [110.32204346289356, -7.657985178202582], [110.32196377037626, -7.658022533788749], [110.32188076716231, -7.6580519679298815], [110.32179525261803, -7.65807319716077], [110.32170805029524, -7.65808601703356], [110.32161999999998, -7.658090304086626], [110.32153194970473, -7.65808601703356], [110.32144474738193, -7.65807319716077], [110.32135923283766, -7.6580519679298815], [110.3212762296237, -7.658022533788749], [110.32119653710642, -7.657985178202582], [110.32112092276827, -7.657940260924062], [110.32105011481667, -7.657888214528822], [110.32098479517094, -7.657829540249585], [110.32092559289495, -7.657764803149128], [110.32087307813896, -7.657694626678499], [110.32082775664884, -7.6576196866729624], [110.32079006489523, -7.657540704843423], [110.32076036587041, -7.657458441826046], [110.32073894559215, -7.657373689856991], [110.32072601034949, -7.657287265142815], [110.32072168471586, -7.6572], [110.32072601034949, -7.657112734839314], [110.32073894559215, -7.657026310072217], [110.32076036587041, -7.656941558017224], [110.32079006489523, -7.656859294884195], [110.32082775664884, -7.65678031291373], [110.32087307813896, -7.656705372747415], [110.32092559289495, -7.6566351961023305], [110.32098479517094, -7.6565704588204415], [110.32105011481667, -7.656511784359781], [110.32112092276827, -7.656459737790084], [110.32119653710642, -7.6564148203507845], [110.3212762296237, -7.6563774646236915], [110.32135923283766, -7.656348030366906], [110.32144474738193, -7.656326801050077], [110.32153194970473, -7.656313981124368], [110.32161999999998, -7.656309694053433], [110.32170805029524, -7.656313981124368], [110.32179525261803, -7.656326801050077], [110.32188076716231, -7.656348030366906], [110.32196377037626, -7.6563774646236915], [110.32204346289356, -7.6564148203507845], [110.3221190772317, -7.656459737790084], [110.3221898851833, -7.656511784359781], [110.32225520482903, -7.6565704588204415], [110.32231440710501, -7.6566351961023305], [110.322366921861, -7.656705372747415], [110.32241224335114, -7.65678031291373], [110.32244993510473, -7.656859294884195], [110.32247963412955, -7.656941558017224], [110.32250105440781, -7.657026310072217], [110.32251398965049, -7.657112734839314], [110.3225183152841, -7.6572]]]}}, {"id": "78", "type": "Feature", "properties": {"id": "ID_00078", "Name": "KLANGON - TEMPEL", "timestamp": null, "begin": null, "end": null, "altitudeMode": "clampToGround", "tessellate": -1, "extrude": 0, "visibility": -1, "drawOrder": null, "icon": null, "snippet": "", "FID": "78", "No": "18", "Y": "-7,65729", "X": "110,32153", "Ruas_Jalan": "KLANGON - TEMPEL", "SRS": "SRS Gunung Merapi", "Jenis": "APJ NUANSA BUDAYA TENAGA LISTRIK DAN BOX KWH", "Posisi": "Kiri", "Foto": "https://drive.google.com/file/d/1GN0zvHxnGELiNN0qjHyJAymgO7p36zAg/view?usp=drive_link"}, "geometry": {"type": "Polygon", "coordinates": [[[110.3224283152841, -7.657289999999999], [110.32242398965049, -7.657377265124387], [110.32241105440781, -7.65746368982031], [110.32238963412955, -7.657548441771464], [110.32235993510473, -7.657630704771467], [110.32232224335114, -7.657709686584326], [110.322276921861, -7.657784626574036], [110.32222440710501, -7.657854803029842], [110.32216520482903, -7.657919540116629], [110.3220998851833, -7.657978214383472], [110.3220290772317, -7.6580302607677195], [110.32195346289356, -7.6580751780367535], [110.32187377037626, -7.658112533615032], [110.32179076716233, -7.658141967749948], [110.32170525261803, -7.658163196976355], [110.32161805029524, -7.658176016846434], [110.32153, -7.658180303898592], [110.32144194970473, -7.658176016846434], [110.32135474738195, -7.658163196976355], [110.32126923283766, -7.658141967749948], [110.3211862296237, -7.658112533615032], [110.32110653710642, -7.6580751780367535], [110.32103092276827, -7.6580302607677195], [110.32096011481667, -7.657978214383472], [110.32089479517094, -7.657919540116629], [110.32083559289495, -7.657854803029842], [110.32078307813896, -7.657784626574036], [110.32073775664884, -7.657709686584326], [110.32070006489523, -7.657630704771467], [110.32067036587041, -7.657548441771464], [110.32064894559215, -7.65746368982031], [110.32063601034949, -7.657377265124387], [110.32063168471586, -7.657289999999999], [110.32063601034949, -7.657202734857741], [110.32064894559215, -7.6571163101089], [110.32067036587041, -7.657031558071802], [110.32070006489523, -7.656949294956143], [110.32073775664884, -7.6568703130023605], [110.32078307813896, -7.65679537285187], [110.32083559289495, -7.656725196221606], [110.32089479517094, -7.656660458953389], [110.32096011481667, -7.656601784505113], [110.32103092276827, -7.65654973794641], [110.32110653710642, -7.656504820516594], [110.3211862296237, -7.656467464797391], [110.32126923283766, -7.65643803054682], [110.32135474738195, -7.656416801234476], [110.32144194970473, -7.656403981311473], [110.32153, -7.656399694241444], [110.32161805029524, -7.656403981311473], [110.32170525261803, -7.656416801234476], [110.32179076716233, -7.65643803054682], [110.32187377037626, -7.656467464797391], [110.32195346289356, -7.656504820516594], [110.3220290772317, -7.65654973794641], [110.3220998851833, -7.656601784505113], [110.32216520482903, -7.656660458953389], [110.32222440710501, -7.656725196221606], [110.322276921861, -7.65679537285187], [110.32232224335114, -7.6568703130023605], [110.32235993510473, -7.656949294956143], [110.32238963412955, -7.657031558071802], [110.32241105440781, -7.6571163101089], [110.32242398965049, -7.657202734857741], [110.3224283152841, -7.657289999999999]]]}}, {"id": "79", "type": "Feature", "properties": {"id": "ID_00079", "Name": "KLANGON - TEMPEL", "timestamp": null, "begin": null, "end": null, "altitudeMode": "clampToGround", "tessellate": -1, "extrude": 0, "visibility": -1, "drawOrder": null, "icon": null, "snippet": "", "FID": "79", "No": "19", "Y": "-7,65761", "X": "110,32122", "Ruas_Jalan": "KLANGON - TEMPEL", "SRS": "SRS Gunung Merapi", "Jenis": "APJ NUANSA BUDAYA TENAGA LISTRIK", "Posisi": "Kiri", "Foto": "https://drive.google.com/file/d/1cnclBfuU-YMZzG3ZYQJEq0B5BvVmwxtN/view?usp=drive_link"}, "geometry": {"type": "Polygon", "coordinates": [[[110.32211831528411, -7.657609999999998], [110.32211398965049, -7.657697265058859], [110.32210105440782, -7.657783689689883], [110.32207963412957, -7.657868441577396], [110.32204993510473, -7.657950704515624], [110.32201224335114, -7.658029686269172], [110.321966921861, -7.658104626202607], [110.32191440710503, -7.658174802605713], [110.32185520482903, -7.658239539643884], [110.32178988518329, -7.658298213866666], [110.32171907723172, -7.658350260211825], [110.32164346289356, -7.658395177447128], [110.32156377037626, -7.658432532997353], [110.32148076716231, -7.658461967110163], [110.32139525261803, -7.658483196320628], [110.32130805029526, -7.65849601618108], [110.32121999999998, -7.658500303230018], [110.32113194970472, -7.65849601618108], [110.32104474738195, -7.658483196320628], [110.32095923283767, -7.658461967110163], [110.32087622962372, -7.658432532997353], [110.32079653710642, -7.658395177447128], [110.32072092276826, -7.658350260211825], [110.32065011481667, -7.658298213866666], [110.32058479517093, -7.658239539643884], [110.32052559289495, -7.658174802605713], [110.32047307813897, -7.658104626202607], [110.32042775664884, -7.658029686269172], [110.32039006489525, -7.657950704515624], [110.32036036587041, -7.657868441577396], [110.32033894559216, -7.657783689689883], [110.32032601034949, -7.657697265058859], [110.32032168471588, -7.657609999999998], [110.32032601034949, -7.657522734923269], [110.32033894559216, -7.657436310239321], [110.32036036587041, -7.657351558265867], [110.32039006489525, -7.657269295211977], [110.32042775664884, -7.657190313317497], [110.32047307813897, -7.6571153732232755], [110.32052559289495, -7.657045196645703], [110.32058479517093, -7.656980459426096], [110.32065011481667, -7.656921785021875], [110.32072092276826, -7.656869738502249], [110.32079653710642, -7.656824821106161], [110.32087622962372, -7.656787465415003], [110.32095923283767, -7.656758031186532], [110.32104474738195, -7.656736801890126], [110.32113194970472, -7.656723981976751], [110.32121999999998, -7.656719694909939], [110.32130805029526, -7.656723981976751], [110.32139525261803, -7.656736801890126], [110.32148076716231, -7.656758031186532], [110.32156377037626, -7.656787465415003], [110.32164346289356, -7.656824821106161], [110.32171907723172, -7.656869738502249], [110.32178988518329, -7.656921785021875], [110.32185520482903, -7.656980459426096], [110.32191440710503, -7.657045196645703], [110.321966921861, -7.6571153732232755], [110.32201224335114, -7.657190313317497], [110.32204993510473, -7.657269295211977], [110.32207963412957, -7.657351558265867], [110.32210105440782, -7.657436310239321], [110.32211398965049, -7.657522734923269], [110.32211831528411, -7.657609999999998]]]}}, {"id": "80", "type": "Feature", "properties": {"id": "ID_00080", "Name": "KLANGON - TEMPEL", "timestamp": null, "begin": null, "end": null, "altitudeMode": "clampToGround", "tessellate": -1, "extrude": 0, "visibility": -1, "drawOrder": null, "icon": null, "snippet": "", "FID": "80", "No": "20", "Y": "-7,65784", "X": "110,32101", "Ruas_Jalan": "KLANGON - TEMPEL", "SRS": "SRS Gunung Merapi", "Jenis": "APJ NUANSA BUDAYA TENAGA LISTRIK", "Posisi": "Kiri", "Foto": "https://drive.google.com/file/d/19029kQFSOCWK5SpLdAs_GYS_l0pACf-i/view?usp=drive_link"}, "geometry": {"type": "Polygon", "coordinates": [[[110.32190831528412, -7.65784], [110.3219039896505, -7.657927265011758], [110.32189105440783, -7.658013689596134], [110.32186963412957, -7.658098441437904], [110.32183993510475, -7.658180704331732], [110.32180224335114, -7.658259686042648], [110.32175692186102, -7.658334625935633], [110.32170440710503, -7.6584048023008595], [110.32164520482904, -7.658469539304088], [110.32157988518331, -7.658528213495198], [110.32150907723172, -7.658580259812265], [110.32143346289357, -7.658625177023321], [110.32135377037628, -7.658662532553382], [110.32127076716232, -7.658691966650304], [110.32118525261805, -7.658713195849309], [110.32109805029526, -7.658726015702841], [110.32100999999999, -7.658730302749467], [110.32092194970474, -7.658726015702841], [110.32083474738195, -7.658713195849309], [110.32074923283767, -7.658691966650304], [110.32066622962373, -7.658662532553382], [110.32058653710644, -7.658625177023321], [110.32051092276828, -7.658580259812265], [110.32044011481668, -7.658528213495198], [110.32037479517095, -7.658469539304088], [110.32031559289497, -7.6584048023008595], [110.32026307813898, -7.658334625935633], [110.32021775664884, -7.658259686042648], [110.32018006489525, -7.658180704331732], [110.32015036587043, -7.658098441437904], [110.32012894559217, -7.658013689596134], [110.3201160103495, -7.657927265011758], [110.32011168471588, -7.65784], [110.3201160103495, -7.6577527349703685], [110.32012894559217, -7.6576663103330675], [110.32015036587043, -7.657581558405353], [110.32018006489525, -7.657499295395862], [110.32021775664884, -7.6574203135440095], [110.32026307813898, -7.657345373490232], [110.32031559289497, -7.657275196950535], [110.32037479517095, -7.6572104597658655], [110.32044011481668, -7.657151785393312], [110.32051092276828, -7.657099738901775], [110.32058653710644, -7.657054821529926], [110.32066622962373, -7.65701746585893], [110.32074923283767, -7.6569880316463435], [110.32083474738195, -7.656966802361395], [110.32092194970474, -7.6569539824549375], [110.32100999999999, -7.656949695390441], [110.32109805029526, -7.6569539824549375], [110.32118525261805, -7.656966802361395], [110.32127076716232, -7.6569880316463435], [110.32135377037628, -7.65701746585893], [110.32143346289357, -7.657054821529926], [110.32150907723172, -7.657099738901775], [110.32157988518331, -7.657151785393312], [110.32164520482904, -7.6572104597658655], [110.32170440710503, -7.657275196950535], [110.32175692186102, -7.657345373490232], [110.32180224335114, -7.6574203135440095], [110.32183993510475, -7.657499295395862], [110.32186963412957, -7.657581558405353], [110.32189105440783, -7.6576663103330675], [110.3219039896505, -7.6577527349703685], [110.32190831528412, -7.65784]]]}}, {"id": "81", "type": "Feature", "properties": {"id": "ID_00081", "Name": "YOGYAKARTA - PULOWATU", "timestamp": null, "begin": null, "end": null, "altitudeMode": "clampToGround", "tessellate": -1, "extrude": 0, "visibility": -1, "drawOrder": null, "icon": null, "snippet": "", "FID": "81", "No": "21", "Y": "-7,66198", "X": "110,39397", "Ruas_Jalan": "YOGYAKARTA - PULOWATU", "SRS": "SRS Gunung Merapi", "Jenis": "APJ NUANSA BUDAYA TENAGA LISTRIK", "Posisi": "Kiri", "Foto": "https://drive.google.com/file/d/10rAZMmgLCtsp9RDaZW66F7e1EGfCUTqo/view?usp=drive_link"}, "geometry": {"type": "Polygon", "coordinates": [[[110.39486831528411, -7.661979999999997], [110.3948639896505, -7.662067264163716], [110.39485105440782, -7.662153687908209], [110.39482963412956, -7.662238438926339], [110.39479993510474, -7.662320701020708], [110.39476224335115, -7.662399681964047], [110.39471692186102, -7.662474621128725], [110.39466440710503, -7.662544796811936], [110.39460520482905, -7.662609533186003], [110.39453988518332, -7.662668206806871], [110.39446907723172, -7.662720252618107], [110.39439346289358, -7.662765169392618], [110.39431377037627, -7.662802524559621], [110.39423076716233, -7.662831958370473], [110.39414525261805, -7.662853187363151], [110.39405805029526, -7.662866007092084], [110.39397, -7.662870294097045], [110.39388194970473, -7.662866007092084], [110.39379474738195, -7.662853187363151], [110.39370923283767, -7.662831958370473], [110.39362622962372, -7.662802524559621], [110.39354653710643, -7.662765169392618], [110.39347092276827, -7.662720252618107], [110.39340011481669, -7.662668206806871], [110.39333479517096, -7.662609533186003], [110.39327559289497, -7.662544796811936], [110.39322307813897, -7.662474621128725], [110.39317775664885, -7.662399681964047], [110.39314006489525, -7.662320701020708], [110.39311036587043, -7.662238438926339], [110.39308894559217, -7.662153687908209], [110.3930760103495, -7.662067264163716], [110.39307168471588, -7.661979999999997], [110.3930760103495, -7.661892735818402], [110.39308894559217, -7.661806312020955], [110.39311036587043, -7.661721560916834], [110.39314006489525, -7.661639298706741], [110.39317775664885, -7.661560317622393], [110.39322307813897, -7.661485378296838], [110.39327559289497, -7.661415202439064], [110.39333479517096, -7.6613504658834595], [110.39340011481669, -7.661291792081053], [110.39347092276827, -7.661239746095255], [110.39354653710643, -7.661194829159866], [110.39362622962372, -7.661157473851853], [110.39370923283767, -7.661128039925275], [110.39379474738195, -7.66110681084661], [110.39388194970473, -7.66109399106472], [110.39397, -7.66108970404188], [110.39405805029526, -7.66109399106472], [110.39414525261805, -7.66110681084661], [110.39423076716233, -7.661128039925275], [110.39431377037627, -7.661157473851853], [110.39439346289358, -7.661194829159866], [110.39446907723172, -7.661239746095255], [110.39453988518332, -7.661291792081053], [110.39460520482905, -7.6613504658834595], [110.39466440710503, -7.661415202439064], [110.39471692186102, -7.661485378296838], [110.39476224335115, -7.661560317622393], [110.39479993510474, -7.661639298706741], [110.39482963412956, -7.661721560916834], [110.39485105440782, -7.661806312020955], [110.3948639896505, -7.661892735818402], [110.39486831528411, -7.661979999999997]]]}}, {"id": "82", "type": "Feature", "properties": {"id": "ID_00082", "Name": "YOGYAKARTA - PULOWATU", "timestamp": null, "begin": null, "end": null, "altitudeMode": "clampToGround", "tessellate": -1, "extrude": 0, "visibility": -1, "drawOrder": null, "icon": null, "snippet": "", "FID": "82", "No": "22", "Y": "-7,66225", "X": "110,39393", "Ruas_Jalan": "YOGYAKARTA - PULOWATU", "SRS": "SRS Gunung Merapi", "Jenis": "APJ NUANSA BUDAYA TENAGA LISTRIK", "Posisi": "Kiri", "Foto": "https://drive.google.com/file/d/1gF5PBCTxZcqDXrogc-skCPdoqdE1Tksw/view?usp=drive_link"}, "geometry": {"type": "Polygon", "coordinates": [[[110.3948283152841, -7.662250000000001], [110.39482398965049, -7.662337264108396], [110.39481105440782, -7.662423687798097], [110.39478963412957, -7.662508438762496], [110.39475993510473, -7.662590700804712], [110.39472224335114, -7.6626696816979765], [110.394676921861, -7.662744620815143], [110.39462440710503, -7.66281479645386], [110.39456520482905, -7.662879532786886], [110.39449988518331, -7.662938206370552], [110.39442907723172, -7.66299025214879], [110.39435346289356, -7.663035168894821], [110.39427377037626, -7.6630725240381405], [110.39419076716233, -7.663101957830332], [110.39410525261803, -7.663123186809545], [110.39401805029526, -7.663136006530354], [110.39393, -7.663140293532596], [110.39384194970474, -7.663136006530354], [110.39375474738195, -7.663123186809545], [110.39366923283767, -7.663101957830332], [110.39358622962372, -7.6630725240381405], [110.39350653710643, -7.663035168894821], [110.39343092276827, -7.66299025214879], [110.39336011481669, -7.662938206370552], [110.39329479517095, -7.662879532786886], [110.39323559289495, -7.66281479645386], [110.39318307813897, -7.662744620815143], [110.39313775664884, -7.6626696816979765], [110.39310006489525, -7.662590700804712], [110.39307036587041, -7.662508438762496], [110.39304894559216, -7.662423687798097], [110.39303601034949, -7.662337264108396], [110.39303168471587, -7.662250000000001], [110.39303601034949, -7.662162735873725], [110.39304894559216, -7.662076312131068], [110.39307036587041, -7.661991561080675], [110.39310006489525, -7.66190929892273], [110.39313775664884, -7.661830317888452], [110.39318307813897, -7.661755378610403], [110.39323559289495, -7.661685202797117], [110.39329479517095, -7.661620466282548], [110.39336011481669, -7.661561792517334], [110.39343092276827, -7.661509746564529], [110.39350653710643, -7.661464829657614], [110.39358622962372, -7.661427474373278], [110.39366923283767, -7.661398040465363], [110.39375474738195, -7.661376811400151], [110.39384194970474, -7.661363991626391], [110.39393, -7.661359704606267], [110.39401805029526, -7.661363991626391], [110.39410525261803, -7.661376811400151], [110.39419076716233, -7.661398040465363], [110.39427377037626, -7.661427474373278], [110.39435346289356, -7.661464829657614], [110.39442907723172, -7.661509746564529], [110.39449988518331, -7.661561792517334], [110.39456520482905, -7.661620466282548], [110.39462440710503, -7.661685202797117], [110.394676921861, -7.661755378610403], [110.39472224335114, -7.661830317888452], [110.39475993510473, -7.66190929892273], [110.39478963412957, -7.661991561080675], [110.39481105440782, -7.662076312131068], [110.39482398965049, -7.662162735873725], [110.3948283152841, -7.662250000000001]]]}}, {"id": "83", "type": "Feature", "properties": {"id": "ID_00083", "Name": "YOGYAKARTA - PULOWATU", "timestamp": null, "begin": null, "end": null, "altitudeMode": "clampToGround", "tessellate": -1, "extrude": 0, "visibility": -1, "drawOrder": null, "icon": null, "snippet": "", "FID": "83", "No": "23", "Y": "-7,66249", "X": "110,39384", "Ruas_Jalan": "YOGYAKARTA - PULOWATU", "SRS": "SRS Gunung Merapi", "Jenis": "APJ NUANSA BUDAYA TENAGA LISTRIK", "Posisi": "Kiri", "Foto": "https://drive.google.com/file/d/1NhSH1JW_qBtULgwyON4-08LeNJA1j6y2/view?usp=drive_link"}, "geometry": {"type": "Polygon", "coordinates": [[[110.39473831528412, -7.662489999999999], [110.39473398965049, -7.662577264059216], [110.39472105440782, -7.662663687700214], [110.39469963412957, -7.662748438616852], [110.39466993510473, -7.662830700612707], [110.39463224335114, -7.662909681461461], [110.394586921861, -7.662984620536391], [110.39453440710504, -7.663054796135561], [110.39447520482905, -7.6631195324320975], [110.39440988518331, -7.6631782059827005], [110.39433907723172, -7.663230251731605], [110.39426346289356, -7.663275168452321], [110.39418377037626, -7.663312523574585], [110.39410076716233, -7.663341957350187], [110.39401525261803, -7.66336318631744], [110.39392805029526, -7.6633760060310205], [110.39384, -7.663380293030845], [110.39375194970474, -7.6633760060310205], [110.39366474738196, -7.66336318631744], [110.39357923283767, -7.663341957350187], [110.39349622962374, -7.663312523574585], [110.39341653710643, -7.663275168452321], [110.39334092276827, -7.663230251731605], [110.39327011481669, -7.6631782059827005], [110.39320479517094, -7.6631195324320975], [110.39314559289495, -7.663054796135561], [110.39309307813899, -7.662984620536391], [110.39304775664885, -7.662909681461461], [110.39301006489525, -7.662830700612707], [110.39298036587041, -7.662748438616852], [110.39295894559216, -7.662663687700214], [110.3929460103495, -7.662577264059216], [110.39294168471586, -7.662489999999999], [110.3929460103495, -7.662402735922902], [110.39295894559216, -7.662316312228946], [110.39298036587041, -7.6622315612263145], [110.39301006489525, -7.662149299114725], [110.39304775664885, -7.662070318124954], [110.39309307813899, -7.6619953788891335], [110.39314559289495, -7.661925203115393], [110.39320479517094, -7.661860466637305], [110.39327011481669, -7.661801792905154], [110.39334092276827, -7.661749746981674], [110.39341653710643, -7.661704830100072], [110.39349622962374, -7.661667474836786], [110.39357923283767, -7.661638040945453], [110.39366474738196, -7.661616811892206], [110.39375194970474, -7.661603992125668], [110.39384, -7.66159970510796], [110.39392805029526, -7.661603992125668], [110.39401525261803, -7.661616811892206], [110.39410076716233, -7.661638040945453], [110.39418377037626, -7.661667474836786], [110.39426346289356, -7.661704830100072], [110.39433907723172, -7.661749746981674], [110.39440988518331, -7.661801792905154], [110.39447520482905, -7.661860466637305], [110.39453440710504, -7.661925203115393], [110.394586921861, -7.6619953788891335], [110.39463224335114, -7.662070318124954], [110.39466993510473, -7.662149299114725], [110.39469963412957, -7.6622315612263145], [110.39472105440782, -7.662316312228946], [110.39473398965049, -7.662402735922902], [110.39473831528412, -7.662489999999999]]]}}, {"id": "84", "type": "Feature", "properties": {"id": "ID_00084", "Name": "YOGYAKARTA - PULOWATU", "timestamp": null, "begin": null, "end": null, "altitudeMode": "clampToGround", "tessellate": -1, "extrude": 0, "visibility": -1, "drawOrder": null, "icon": null, "snippet": "", "FID": "84", "No": "24", "Y": "-7,66278", "X": "110,3937", "Ruas_Jalan": "YOGYAKARTA - PULOWATU", "SRS": "SRS Gunung Merapi", "Jenis": "APJ NUANSA BUDAYA TENAGA LISTRIK", "Posisi": "Kiri", "Foto": "https://drive.google.com/file/d/1YxIn1J5UykQ91CkGSlDEWdlM5IpeQ3GD/view?usp=drive_link"}, "geometry": {"type": "Polygon", "coordinates": [[[110.39459831528413, -7.662779999999998], [110.3945939896505, -7.662867263999791], [110.39458105440782, -7.662953687581934], [110.39455963412958, -7.663038438440857], [110.39452993510474, -7.663120700380692], [110.39449224335115, -7.663199681175658], [110.39444692186102, -7.663274620199556], [110.39439440710504, -7.663344795750935], [110.39433520482905, -7.663409532003385], [110.39426988518332, -7.663468205514025], [110.39419907723172, -7.663520251227486], [110.39412346289357, -7.663565167917612], [110.39404377037627, -7.663602523014437], [110.39396076716234, -7.663631956769991], [110.39387525261805, -7.6636531857227865], [110.39378805029526, -7.663666005427636], [110.39370000000001, -7.663670292424543], [110.39361194970475, -7.663666005427636], [110.39352474738196, -7.6636531857227865], [110.39343923283768, -7.663631956769991], [110.39335622962373, -7.663602523014437], [110.39327653710643, -7.663565167917612], [110.39320092276829, -7.663520251227486], [110.39313011481669, -7.663468205514025], [110.39306479517096, -7.663409532003385], [110.39300559289497, -7.663344795750935], [110.39295307813899, -7.663274620199556], [110.39290775664885, -7.663199681175658], [110.39287006489525, -7.663120700380692], [110.39284036587043, -7.663038438440857], [110.39281894559217, -7.662953687581934], [110.3928060103495, -7.662867263999791], [110.39280168471588, -7.662779999999998], [110.3928060103495, -7.6626927359823265], [110.39281894559217, -7.662606312347221], [110.39284036587043, -7.6625215614023], [110.39287006489525, -7.662439299346728], [110.39290775664885, -7.662360318410738], [110.39295307813899, -7.662285379225946], [110.39300559289497, -7.662215203499989], [110.39306479517096, -7.66215046706598], [110.39313011481669, -7.662091793373783], [110.39320092276829, -7.662039747485743], [110.39327653710643, -7.661994830634724], [110.39335622962373, -7.661957475396874], [110.39343923283768, -7.661928041525582], [110.39352474738196, -7.661906812486789], [110.39361194970475, -7.661893992728979], [110.39370000000001, -7.661889705714193], [110.39378805029526, -7.661893992728979], [110.39387525261805, -7.661906812486789], [110.39396076716234, -7.661928041525582], [110.39404377037627, -7.661957475396874], [110.39412346289357, -7.661994830634724], [110.39419907723172, -7.662039747485743], [110.39426988518332, -7.662091793373783], [110.39433520482905, -7.66215046706598], [110.39439440710504, -7.662215203499989], [110.39444692186102, -7.662285379225946], [110.39449224335115, -7.662360318410738], [110.39452993510474, -7.662439299346728], [110.39455963412958, -7.6625215614023], [110.39458105440782, -7.662606312347221], [110.3945939896505, -7.6626927359823265], [110.39459831528413, -7.662779999999998]]]}}, {"id": "85", "type": "Feature", "properties": {"id": "ID_00085", "Name": "YOGYAKARTA - PULOWATU", "timestamp": null, "begin": null, "end": null, "altitudeMode": "clampToGround", "tessellate": -1, "extrude": 0, "visibility": -1, "drawOrder": null, "icon": null, "snippet": "", "FID": "85", "No": "25", "Y": "-7,66306", "X": "110,39361", "Ruas_Jalan": "YOGYAKARTA - PULOWATU", "SRS": "SRS Gunung Merapi", "Jenis": "APJ NUANSA BUDAYA TENAGA LISTRIK DAN BOX KWH", "Posisi": "Kiri", "Foto": "https://drive.google.com/file/d/1ka4uwt6ashy6bNwZHChZ4shCe15YoTZQ/view?usp=drive_link"}, "geometry": {"type": "Polygon", "coordinates": [[[110.3945083152841, -7.663060000000001], [110.39450398965049, -7.663147263942414], [110.39449105440782, -7.663233687467734], [110.39446963412955, -7.663318438270928], [110.39443993510473, -7.663400700156673], [110.39440224335114, -7.663479680899707], [110.394356921861, -7.663554619874326], [110.39430440710503, -7.663624795379559], [110.39424520482903, -7.663689531589442], [110.3941798851833, -7.6637482050615], [110.3941090772317, -7.663800250740736], [110.39403346289356, -7.663845167401326], [110.39395377037626, -7.663882522473587], [110.39387076716233, -7.663911956209786], [110.39378525261803, -7.66393318514862], [110.39369805029526, -7.66394600484504], [110.39361, -7.663950291839127], [110.39352194970473, -7.66394600484504], [110.39343474738193, -7.66393318514862], [110.39334923283766, -7.663911956209786], [110.3932662296237, -7.663882522473587], [110.39318653710642, -7.663845167401326], [110.39311092276827, -7.663800250740736], [110.39304011481667, -7.6637482050615], [110.39297479517094, -7.663689531589442], [110.39291559289495, -7.663624795379559], [110.39286307813896, -7.663554619874326], [110.39281775664884, -7.663479680899707], [110.39278006489523, -7.663400700156673], [110.39275036587041, -7.663318438270928], [110.39272894559215, -7.663233687467734], [110.39271601034949, -7.663147263942414], [110.39271168471586, -7.663060000000001], [110.39271601034949, -7.6629727360397055], [110.39272894559215, -7.662886312461426], [110.39275036587041, -7.662801561572226], [110.39278006489523, -7.662719299570741], [110.39281775664884, -7.66264031868668], [110.39286307813896, -7.662565379551162], [110.39291559289495, -7.662495203871341], [110.39297479517094, -7.662430467479894], [110.39304011481667, -7.6623717938262725], [110.39311092276827, -7.66231974797245], [110.39318653710642, -7.66227483115096], [110.3932662296237, -7.662237475937671], [110.39334923283766, -7.662208042085731], [110.39343474738193, -7.662186813060895], [110.39352194970473, -7.662173993311512], [110.39361, -7.662169706299543], [110.39369805029526, -7.662173993311512], [110.39378525261803, -7.662186813060895], [110.39387076716233, -7.662208042085731], [110.39395377037626, -7.662237475937671], [110.39403346289356, -7.66227483115096], [110.3941090772317, -7.66231974797245], [110.3941798851833, -7.6623717938262725], [110.39424520482903, -7.662430467479894], [110.39430440710503, -7.662495203871341], [110.394356921861, -7.662565379551162], [110.39440224335114, -7.66264031868668], [110.39443993510473, -7.662719299570741], [110.39446963412955, -7.662801561572226], [110.39449105440782, -7.662886312461426], [110.39450398965049, -7.6629727360397055], [110.3945083152841, -7.663060000000001]]]}}, {"id": "86", "type": "Feature", "properties": {"id": "ID_00086", "Name": "KOROULON - JOHOLANANG", "timestamp": null, "begin": null, "end": null, "altitudeMode": "clampToGround", "tessellate": -1, "extrude": 0, "visibility": -1, "drawOrder": null, "icon": null, "snippet": "", "FID": "86", "No": "26", "Y": "-7,69687", "X": "110,46449", "Ruas_Jalan": "KOROULON - JOHOLANANG", "SRS": "SRS Gunung Merapi", "Jenis": "APJ NUANSA BUDAYA TENAGA LISTRIK", "Posisi": "Kanan", "Foto": "https://drive.google.com/file/d/1DKKC-KFdGivtiaoOb09x_hveK8sYHdWM/view?usp=drive_link"}, "geometry": {"type": "Polygon", "coordinates": [[[110.46538831528412, -7.69687], [110.46538398965049, -7.69695725699871], [110.46537105440783, -7.697043673647124], [110.46534963412957, -7.6971284177064385], [110.46531993510474, -7.697210673046284], [110.46528224335115, -7.697289647504445], [110.46523692186102, -7.697364580515758], [110.46518440710503, -7.6974347504366865], [110.46512520482905, -7.697499481495059], [110.46505988518332, -7.697558150298023], [110.46498907723172, -7.697610191835557], [110.46491346289356, -7.697655104921738], [110.46483377037627, -7.6976924570213185], [110.46475076716233, -7.697721888415197], [110.46466525261805, -7.697743115664639], [110.46457805029526, -7.697755934340869], [110.46449, -7.697760220993798], [110.46440194970474, -7.697755934340869], [110.46431474738195, -7.697743115664639], [110.46422923283768, -7.697721888415197], [110.46414622962372, -7.6976924570213185], [110.46406653710643, -7.697655104921738], [110.46399092276828, -7.697610191835557], [110.46392011481667, -7.697558150298023], [110.46385479517095, -7.697499481495059], [110.46379559289497, -7.6974347504366865], [110.46374307813898, -7.697364580515758], [110.46369775664884, -7.697289647504445], [110.46366006489525, -7.697210673046284], [110.46363036587043, -7.6971284177064385], [110.46360894559217, -7.697043673647124], [110.4635960103495, -7.69695725699871], [110.46359168471588, -7.69687], [110.4635960103495, -7.696782742983328], [110.46360894559217, -7.696696326281728], [110.46363036587043, -7.696611582136037], [110.46366006489525, -7.696529326679953], [110.46369775664884, -7.696450352080155], [110.46374307813898, -7.6963754189072535], [110.46379559289497, -7.696305248810985], [110.46385479517095, -7.696240517570269], [110.46392011481667, -7.69618184858496], [110.46399092276828, -7.696129806872085], [110.46406653710643, -7.696084893624312], [110.46414622962372, -7.696047541383097], [110.46422923283768, -7.696018109872979], [110.46431474738195, -7.695996882537167], [110.46440194970474, -7.695984063807745], [110.46449, -7.695979777136858], [110.46457805029526, -7.695984063807745], [110.46466525261805, -7.695996882537167], [110.46475076716233, -7.696018109872979], [110.46483377037627, -7.696047541383097], [110.46491346289356, -7.696084893624312], [110.46498907723172, -7.696129806872085], [110.46505988518332, -7.69618184858496], [110.46512520482905, -7.696240517570269], [110.46518440710503, -7.696305248810985], [110.46523692186102, -7.6963754189072535], [110.46528224335115, -7.696450352080155], [110.46531993510474, -7.696529326679953], [110.46534963412957, -7.696611582136037], [110.46537105440783, -7.696696326281728], [110.46538398965049, -7.696782742983328], [110.46538831528412, -7.69687]]]}}, {"id": "87", "type": "Feature", "properties": {"id": "ID_00087", "Name": "KOROULON - JOHOLANANG", "timestamp": null, "begin": null, "end": null, "altitudeMode": "clampToGround", "tessellate": -1, "extrude": 0, "visibility": -1, "drawOrder": null, "icon": null, "snippet": "", "FID": "87", "No": "27", "Y": "-7,69669", "X": "110,46488", "Ruas_Jalan": "KOROULON - JOHOLANANG", "SRS": "SRS Gunung Merapi", "Jenis": "APJ NUANSA BUDAYA TENAGA LISTRIK", "Posisi": "Kiri", "Foto": "https://drive.google.com/file/d/17Y9S-pJ3zx8QhnUnEt40IMtNMUvBfYnA/view?usp=drive_link"}, "geometry": {"type": "Polygon", "coordinates": [[[110.46577831528411, -7.6966899999999985], [110.46577398965049, -7.696777257035759], [110.46576105440782, -7.69686367372086], [110.46573963412956, -7.69694841781616], [110.46570993510473, -7.697030673190931], [110.46567224335114, -7.697109647682626], [110.465626921861, -7.697184580725755], [110.46557440710502, -7.697254750676476], [110.46551520482903, -7.697319481762334], [110.46544988518329, -7.69737815059021], [110.4653790772317, -7.697430192149844], [110.46530346289356, -7.697475105255096], [110.46522377037626, -7.697512457370536], [110.46514076716231, -7.697541888776912], [110.46505525261804, -7.697563116035368], [110.46496805029524, -7.697575934717039], [110.46487999999998, -7.69758022137179], [110.46479194970472, -7.697575934717039], [110.46470474738194, -7.697563116035368], [110.46461923283765, -7.697541888776912], [110.46453622962372, -7.697512457370536], [110.46445653710641, -7.697475105255096], [110.46438092276827, -7.697430192149844], [110.46431011481667, -7.69737815059021], [110.46424479517093, -7.697319481762334], [110.46418559289495, -7.697254750676476], [110.46413307813897, -7.697184580725755], [110.46408775664884, -7.697109647682626], [110.46405006489525, -7.697030673190931], [110.46402036587041, -7.69694841781616], [110.46399894559215, -7.69686367372086], [110.46398601034949, -7.696777257035759], [110.46398168471588, -7.6966899999999985], [110.46398601034949, -7.69660274294628], [110.46399894559215, -7.6965163262079885], [110.46402036587041, -7.696431582026321], [110.46405006489525, -7.696349326535314], [110.46408775664884, -7.696270351901988], [110.46413307813897, -7.69619541869727], [110.46418559289495, -7.696125248571214], [110.46424479517093, -7.696060517303016], [110.46431011481667, -7.696001848292797], [110.46438092276827, -7.695949806557831], [110.46445653710641, -7.695904893290988], [110.46453622962372, -7.695867541033915], [110.46461923283765, -7.695838109511302], [110.46470474738194, -7.6958168821664765], [110.46479194970472, -7.695804063431616], [110.46487999999998, -7.695799776758909], [110.46496805029524, -7.695804063431616], [110.46505525261804, -7.6958168821664765], [110.46514076716231, -7.695838109511302], [110.46522377037626, -7.695867541033915], [110.46530346289356, -7.695904893290988], [110.4653790772317, -7.695949806557831], [110.46544988518329, -7.696001848292797], [110.46551520482903, -7.696060517303016], [110.46557440710502, -7.696125248571214], [110.465626921861, -7.69619541869727], [110.46567224335114, -7.696270351901988], [110.46570993510473, -7.696349326535314], [110.46573963412956, -7.696431582026321], [110.46576105440782, -7.6965163262079885], [110.46577398965049, -7.69660274294628], [110.46577831528411, -7.6966899999999985]]]}}, {"id": "88", "type": "Feature", "properties": {"id": "ID_00088", "Name": "KOROULON - JOHOLANANG", "timestamp": null, "begin": null, "end": null, "altitudeMode": "clampToGround", "tessellate": -1, "extrude": 0, "visibility": -1, "drawOrder": null, "icon": null, "snippet": "", "FID": "88", "No": "28", "Y": "-7,69662", "X": "110,46521", "Ruas_Jalan": "KOROULON - JOHOLANANG", "SRS": "SRS Gunung Merapi", "Jenis": "APJ NUANSA BUDAYA TENAGA LISTRIK", "Posisi": "Kiri", "Foto": "https://drive.google.com/file/d/1EYDp-ZoCUq63ZiTmVjmdIcFg8JS4lp8M/view?usp=drive_link"}, "geometry": {"type": "Polygon", "coordinates": [[[110.46610831528413, -7.69662], [110.4661039896505, -7.696707257050165], [110.46609105440783, -7.6967936737495375], [110.46606963412958, -7.696878417858827], [110.46603993510475, -7.696960673247179], [110.46600224335116, -7.697039647751914], [110.46595692186102, -7.697114580807416], [110.46590440710504, -7.697184750769725], [110.46584520482905, -7.6972494818662724], [110.46577988518331, -7.697308150703836], [110.46570907723172, -7.697360192272062], [110.46563346289358, -7.697405105384732], [110.46555377037627, -7.697442457506337], [110.46547076716233, -7.697471888917576], [110.46538525261805, -7.697493116179536], [110.46529805029526, -7.697505934863326], [110.46521, -7.697510221518784], [110.46512194970474, -7.697505934863326], [110.46503474738196, -7.697493116179536], [110.46494923283767, -7.697471888917576], [110.46486622962374, -7.697442457506337], [110.46478653710643, -7.697405105384732], [110.46471092276829, -7.697360192272062], [110.46464011481669, -7.697308150703836], [110.46457479517095, -7.6972494818662724], [110.46451559289495, -7.697184750769725], [110.46446307813899, -7.697114580807416], [110.46441775664886, -7.697039647751914], [110.46438006489525, -7.696960673247179], [110.46435036587043, -7.696878417858827], [110.46432894559216, -7.6967936737495375], [110.4643160103495, -7.696707257050165], [110.46431168471588, -7.69662], [110.4643160103495, -7.696532742931873], [110.46432894559216, -7.696446326179315], [110.46435036587043, -7.696361581983651], [110.46438006489525, -7.696279326479064], [110.46441775664886, -7.696200351832699], [110.46446307813899, -7.696125418615611], [110.46451559289495, -7.696055248477969], [110.46457479517095, -7.695990517199085], [110.46464011481669, -7.695931848179179], [110.46471092276829, -7.69587980643562], [110.46478653710643, -7.695834893161363], [110.46486622962374, -7.695797540898124], [110.46494923283767, -7.695768109370654], [110.46503474738196, -7.695746882022322], [110.46512194970474, -7.695734063285345], [110.46521, -7.6957297766119295], [110.46529805029526, -7.695734063285345], [110.46538525261805, -7.695746882022322], [110.46547076716233, -7.695768109370654], [110.46555377037627, -7.695797540898124], [110.46563346289358, -7.695834893161363], [110.46570907723172, -7.69587980643562], [110.46577988518331, -7.695931848179179], [110.46584520482905, -7.695990517199085], [110.46590440710504, -7.696055248477969], [110.46595692186102, -7.696125418615611], [110.46600224335116, -7.696200351832699], [110.46603993510475, -7.696279326479064], [110.46606963412958, -7.696361581983651], [110.46609105440783, -7.696446326179315], [110.4661039896505, -7.696532742931873], [110.46610831528413, -7.69662]]]}}, {"id": "89", "type": "Feature", "properties": {"id": "ID_00089", "Name": "KOROULON - JOHOLANANG", "timestamp": null, "begin": null, "end": null, "altitudeMode": "clampToGround", "tessellate": -1, "extrude": 0, "visibility": -1, "drawOrder": null, "icon": null, "snippet": "", "FID": "89", "No": "29", "Y": "-7,69658", "X": "110,46553", "Ruas_Jalan": "KOROULON - JOHOLANANG", "SRS": "SRS Gunung Merapi", "Jenis": "APJ NUANSA BUDAYA TENAGA LISTRIK", "Posisi": "Kiri", "Foto": "https://drive.google.com/file/d/1_RGV9zoBV9AqDKOOrMRO5veLm4a2QxXo/view?usp=drive_link"}, "geometry": {"type": "Polygon", "coordinates": [[[110.4664283152841, -7.696580000000001], [110.4664239896505, -7.696667257058401], [110.46641105440781, -7.696753673765928], [110.46638963412956, -7.696838417883212], [110.46635993510473, -7.696920673279326], [110.46632224335114, -7.696999647791515], [110.46627692186101, -7.697074580854085], [110.46622440710503, -7.697144750823016], [110.46616520482904, -7.697209481925669], [110.46609988518331, -7.6972681507687675], [110.46602907723171, -7.697320192341906], [110.46595346289357, -7.697365105458813], [110.46587377037626, -7.6974024575839435], [110.46579076716233, -7.697431888997959], [110.46570525261804, -7.697453116261923], [110.46561805029526, -7.697465934946923], [110.46553, -7.697470221602783], [110.46544194970474, -7.697465934946923], [110.46535474738194, -7.697453116261923], [110.46526923283767, -7.697431888997959], [110.46518622962371, -7.6974024575839435], [110.46510653710642, -7.697365105458813], [110.46503092276828, -7.697320192341906], [110.46496011481668, -7.6972681507687675], [110.46489479517095, -7.697209481925669], [110.46483559289496, -7.697144750823016], [110.46478307813896, -7.697074580854085], [110.46473775664884, -7.696999647791515], [110.46470006489524, -7.696920673279326], [110.46467036587042, -7.696838417883212], [110.46464894559216, -7.696753673765928], [110.4646360103495, -7.696667257058401], [110.46463168471587, -7.696580000000001], [110.4646360103495, -7.696492742923644], [110.46464894559216, -7.696406326162933], [110.46467036587042, -7.696321581959274], [110.46470006489524, -7.696239326446927], [110.46473775664884, -7.696160351793112], [110.46478307813896, -7.696085418568954], [110.46483559289496, -7.696015248424691], [110.46489479517095, -7.695950517139698], [110.46496011481668, -7.69589184811426], [110.46503092276828, -7.69583980636579], [110.46510653710642, -7.695794893087297], [110.46518622962371, -7.695757540820533], [110.46526923283767, -7.695728109290285], [110.46535474738194, -7.6957068819399534], [110.46544194970474, -7.695694063201767], [110.46553, -7.6956897765279475], [110.46561805029526, -7.695694063201767], [110.46570525261804, -7.6957068819399534], [110.46579076716233, -7.695728109290285], [110.46587377037626, -7.695757540820533], [110.46595346289357, -7.695794893087297], [110.46602907723171, -7.69583980636579], [110.46609988518331, -7.69589184811426], [110.46616520482904, -7.695950517139698], [110.46622440710503, -7.696015248424691], [110.46627692186101, -7.696085418568954], [110.46632224335114, -7.696160351793112], [110.46635993510473, -7.696239326446927], [110.46638963412956, -7.696321581959274], [110.46641105440781, -7.696406326162933], [110.4664239896505, -7.696492742923644], [110.4664283152841, -7.696580000000001]]]}}, {"id": "90", "type": "Feature", "properties": {"id": "ID_00090", "Name": "KOROULON - JOHOLANANG", "timestamp": null, "begin": null, "end": null, "altitudeMode": "clampToGround", "tessellate": -1, "extrude": 0, "visibility": -1, "drawOrder": null, "icon": null, "snippet": "", "FID": "90", "No": "30", "Y": "-7,69639", "X": "110,46577", "Ruas_Jalan": "KOROULON - JOHOLANANG", "SRS": "SRS Gunung Merapi", "Jenis": "APJ NUANSA BUDAYA TENAGA LISTRIK DAN BOX KWH", "Posisi": "Kanan", "Foto": "https://drive.google.com/file/d/1NmSOYz49281nuzGsbDfWPf5bQttam-Da/view?usp=drive_link"}, "geometry": {"type": "Polygon", "coordinates": [[[110.46666831528411, -7.69639], [110.46666398965048, -7.696477257097503], [110.46665105440783, -7.696563673843757], [110.46662963412957, -7.6966484179990236], [110.46659993510474, -7.696730673432], [110.46656224335113, -7.696809647979579], [110.46651692186101, -7.696884581075735], [110.46646440710504, -7.696954751076116], [110.46640520482904, -7.69701948220778], [110.4663398851833, -7.697078151077174], [110.46626907723171, -7.6971301926736375], [110.46619346289356, -7.697175105810674], [110.46611377037627, -7.697212457952547], [110.46603076716232, -7.69724188937975], [110.46594525261804, -7.697263116653229], [110.46585805029525, -7.697275935343973], [110.46576999999999, -7.697280222001756], [110.46568194970473, -7.697275935343973], [110.46559474738194, -7.697263116653229], [110.46550923283766, -7.69724188937975], [110.46542622962373, -7.697212457952547], [110.46534653710641, -7.697175105810674], [110.46527092276827, -7.6971301926736375], [110.46520011481668, -7.697078151077174], [110.46513479517094, -7.69701948220778], [110.46507559289496, -7.696954751076116], [110.46502307813898, -7.696884581075735], [110.46497775664884, -7.696809647979579], [110.46494006489526, -7.696730673432], [110.46491036587042, -7.6966484179990236], [110.46488894559216, -7.696563673843757], [110.46487601034949, -7.696477257097503], [110.46487168471587, -7.69639], [110.46487601034949, -7.696302742884536], [110.46488894559216, -7.696216326085099], [110.46491036587042, -7.6961315818434635], [110.46494006489526, -7.696049326294257], [110.46497775664884, -7.695970351605048], [110.46502307813898, -7.69589541834731], [110.46507559289496, -7.6958252481716025], [110.46513479517094, -7.695760516857605], [110.46520011481668, -7.695701847805874], [110.46527092276827, -7.695649806034084], [110.46534653710641, -7.6956048927354646], [110.46542622962373, -7.6955675404519654], [110.46550923283766, -7.695538108908529], [110.46559474738194, -7.695516881548684], [110.46568194970473, -7.695504062804753], [110.46576999999999, -7.695499776129013], [110.46585805029525, -7.695504062804753], [110.46594525261804, -7.695516881548684], [110.46603076716232, -7.695538108908529], [110.46611377037627, -7.6955675404519654], [110.46619346289356, -7.6956048927354646], [110.46626907723171, -7.695649806034084], [110.4663398851833, -7.695701847805874], [110.46640520482904, -7.695760516857605], [110.46646440710504, -7.6958252481716025], [110.46651692186101, -7.69589541834731], [110.46656224335113, -7.695970351605048], [110.46659993510474, -7.696049326294257], [110.46662963412957, -7.6961315818434635], [110.46665105440783, -7.696216326085099], [110.46666398965048, -7.696302742884536], [110.46666831528411, -7.69639]]]}}, {"id": "91", "type": "Feature", "properties": {"id": "ID_00091", "Name": "KOROULON - JOHOLANANG", "timestamp": null, "begin": null, "end": null, "altitudeMode": "clampToGround", "tessellate": -1, "extrude": 0, "visibility": -1, "drawOrder": null, "icon": null, "snippet": "", "FID": "91", "No": "31", "Y": "-7,69624", "X": "110,46591", "Ruas_Jalan": "KOROULON - JOHOLANANG", "SRS": "SRS Gunung Merapi", "Jenis": "APJ NUANSA BUDAYA TENAGA LISTRIK", "Posisi": "Kanan", "Foto": "https://drive.google.com/file/d/1GBIvJppFu0sF4UeZzg0QTlaYFcAIwPOf/view?usp=drive_link"}, "geometry": {"type": "Polygon", "coordinates": [[[110.46680831528411, -7.69624], [110.46680398965049, -7.696327257128376], [110.46679105440782, -7.6964136739052025], [110.46676963412956, -7.696498418090451], [110.46673993510474, -7.696580673552532], [110.46670224335114, -7.696659648128055], [110.466656921861, -7.696734581250722], [110.46660440710502, -7.69680475127593], [110.46654520482903, -7.696869482430499], [110.4664798851833, -7.69692815132065], [110.4664090772317, -7.696980192935526], [110.46633346289356, -7.697025106088454], [110.46625377037627, -7.697062458243544], [110.46617076716231, -7.697091889681162], [110.46608525261804, -7.697113116962152], [110.46599805029524, -7.697125935657431], [110.46590999999998, -7.69713022231673], [110.46582194970472, -7.697125935657431], [110.46573474738194, -7.697113116962152], [110.46564923283765, -7.697091889681162], [110.46556622962372, -7.697062458243544], [110.46548653710641, -7.697025106088454], [110.46541092276827, -7.696980192935526], [110.46534011481667, -7.69692815132065], [110.46527479517094, -7.696869482430499], [110.46521559289495, -7.69680475127593], [110.46516307813897, -7.696734581250722], [110.46511775664884, -7.696659648128055], [110.46508006489525, -7.696580673552532], [110.46505036587043, -7.696498418090451], [110.46502894559215, -7.6964136739052025], [110.46501601034949, -7.696327257128376], [110.46501168471588, -7.69624], [110.46501601034949, -7.696152742853666], [110.46502894559215, -7.696066326023655], [110.46505036587043, -7.69598158175204], [110.46508006489525, -7.69589932617373], [110.46511775664884, -7.695820351456583], [110.46516307813897, -7.695745418172336], [110.46521559289495, -7.6956752479718045], [110.46527479517094, -7.695610516634904], [110.46534011481667, -7.695551847562422], [110.46541092276827, -7.69549980577222], [110.46548653710641, -7.695454892457712], [110.46556622962372, -7.695417540160998], [110.46564923283765, -7.695388108607151], [110.46573474738194, -7.695366881239797], [110.46582194970472, -7.695354062491332], [110.46590999999998, -7.6953497758140745], [110.46599805029524, -7.695354062491332], [110.46608525261804, -7.695366881239797], [110.46617076716231, -7.695388108607151], [110.46625377037627, -7.695417540160998], [110.46633346289356, -7.695454892457712], [110.4664090772317, -7.69549980577222], [110.4664798851833, -7.695551847562422], [110.46654520482903, -7.695610516634904], [110.46660440710502, -7.6956752479718045], [110.466656921861, -7.695745418172336], [110.46670224335114, -7.695820351456583], [110.46673993510474, -7.69589932617373], [110.46676963412956, -7.69598158175204], [110.46679105440782, -7.696066326023655], [110.46680398965049, -7.696152742853666], [110.46680831528411, -7.69624]]]}}, {"id": "92", "type": "Feature", "properties": {"id": "ID_00092", "Name": "KOROULON - JOHOLANANG", "timestamp": null, "begin": null, "end": null, "altitudeMode": "clampToGround", "tessellate": -1, "extrude": 0, "visibility": -1, "drawOrder": null, "icon": null, "snippet": "", "FID": "92", "No": "32", "Y": "-7,69615", "X": "110,46615", "Ruas_Jalan": "KOROULON - JOHOLANANG", "SRS": "SRS Gunung Merapi", "Jenis": "APJ NUANSA BUDAYA TENAGA LISTRIK", "Posisi": "Kanan", "Foto": "https://drive.google.com/file/d/1Z297oP_LZYyLIJndn84MhaSwnERoajCR/view?usp=drive_link"}, "geometry": {"type": "Polygon", "coordinates": [[[110.4670483152841, -7.69615], [110.46704398965049, -7.696237257146899], [110.46703105440781, -7.6963236739420715], [110.46700963412955, -7.696408418145311], [110.46697993510473, -7.6964906736248535], [110.46694224335114, -7.696569648217139], [110.46689692186101, -7.696644581355715], [110.46684440710501, -7.696714751395819], [110.46678520482904, -7.696779482564127], [110.46671988518331, -7.696838151466735], [110.46664907723171, -7.696890193092658], [110.46657346289356, -7.696935106255124], [110.46649377037626, -7.696972458418141], [110.46641076716232, -7.697001889862009], [110.46632525261803, -7.697023117147505], [110.46623805029525, -7.697035935845506], [110.46614999999998, -7.6970402225057155], [110.46606194970474, -7.697035935845506], [110.46597474738194, -7.697023117147505], [110.46588923283765, -7.697001889862009], [110.46580622962371, -7.696972458418141], [110.46572653710642, -7.696935106255124], [110.46565092276828, -7.696890193092658], [110.46558011481667, -7.696838151466735], [110.46551479517095, -7.696779482564127], [110.46545559289495, -7.696714751395819], [110.46540307813896, -7.696644581355715], [110.46535775664884, -7.696569648217139], [110.46532006489524, -7.6964906736248535], [110.46529036587042, -7.696408418145311], [110.46526894559216, -7.6963236739420715], [110.46525601034949, -7.696237257146899], [110.46525168471587, -7.69615], [110.46525601034949, -7.696062742835148], [110.46526894559216, -7.6959763259867895], [110.46529036587042, -7.695891581697187], [110.46532006489524, -7.695809326101417], [110.46535775664884, -7.695730351367507], [110.46540307813896, -7.695655418067354], [110.46545559289495, -7.695585247851927], [110.46551479517095, -7.695520516501291], [110.46558011481667, -7.695461847416354], [110.46565092276828, -7.695409805615106], [110.46572653710642, -7.695364892291066], [110.46580622962371, -7.6953275399864225], [110.46588923283765, -7.6952981084263286], [110.46597474738194, -7.695276881054468], [110.46606194970474, -7.695264062303283], [110.46614999999998, -7.695259775625116], [110.46623805029525, -7.695264062303283], [110.46632525261803, -7.695276881054468], [110.46641076716232, -7.6952981084263286], [110.46649377037626, -7.6953275399864225], [110.46657346289356, -7.695364892291066], [110.46664907723171, -7.695409805615106], [110.46671988518331, -7.695461847416354], [110.46678520482904, -7.695520516501291], [110.46684440710501, -7.695585247851927], [110.46689692186101, -7.695655418067354], [110.46694224335114, -7.695730351367507], [110.46697993510473, -7.695809326101417], [110.46700963412955, -7.695891581697187], [110.46703105440781, -7.6959763259867895], [110.46704398965049, -7.696062742835148], [110.4670483152841, -7.69615]]]}}, {"id": "93", "type": "Feature", "properties": {"id": "ID_00093", "Name": "KOROULON - JOHOLANANG", "timestamp": null, "begin": null, "end": null, "altitudeMode": "clampToGround", "tessellate": -1, "extrude": 0, "visibility": -1, "drawOrder": null, "icon": null, "snippet": "", "FID": "93", "No": "33", "Y": "-7,69608", "X": "110,46644", "Ruas_Jalan": "KOROULON - JOHOLANANG", "SRS": "SRS Gunung Merapi", "Jenis": "APJ NUANSA BUDAYA TENAGA LISTRIK", "Posisi": "Kanan", "Foto": "https://drive.google.com/file/d/1tBg53TDAMhVnY_4WoowHWlH5rKbDAHHh/view?usp=drive_link"}, "geometry": {"type": "Polygon", "coordinates": [[[110.46733831528412, -7.6960799999999985], [110.4673339896505, -7.696167257161302], [110.46732105440783, -7.696253673970743], [110.46729963412957, -7.696338418187972], [110.46726993510474, -7.696420673681095], [110.46723224335115, -7.696499648286421], [110.46718692186101, -7.696574581437369], [110.46713440710504, -7.696644751489059], [110.46707520482906, -7.696709482668058], [110.46700988518332, -7.6967681515803505], [110.46693907723173, -7.696820193214871], [110.46686346289357, -7.696865106384748], [110.46678377037627, -7.696902458553933], [110.46670076716232, -7.696931890002661], [110.46661525261804, -7.696953117291662], [110.46652805029527, -7.69696593599178], [110.46644, -7.696970222652697], [110.46635194970473, -7.69696593599178], [110.46626474738196, -7.696953117291662], [110.46617923283767, -7.696931890002661], [110.46609622962373, -7.696902458553933], [110.46601653710644, -7.696865106384748], [110.46594092276827, -7.696820193214871], [110.4658701148167, -7.6967681515803505], [110.46580479517095, -7.696709482668058], [110.46574559289496, -7.696644751489059], [110.46569307813898, -7.696574581437369], [110.46564775664886, -7.696499648286421], [110.46561006489526, -7.696420673681095], [110.46558036587042, -7.696338418187972], [110.46555894559216, -7.696253673970743], [110.46554601034951, -7.696167257161302], [110.46554168471589, -7.6960799999999985], [110.46554601034951, -7.695992742820737], [110.46555894559216, -7.695906325958114], [110.46558036587042, -7.69582158165452], [110.46561006489526, -7.69573932604517], [110.46564775664886, -7.695660351298222], [110.46569307813898, -7.6955854179857], [110.46574559289496, -7.695515247758689], [110.46580479517095, -7.695450516397362], [110.4658701148167, -7.695391847302742], [110.46594092276827, -7.695339805492902], [110.46601653710644, -7.695294892161448], [110.46609622962373, -7.6952575398506395], [110.46617923283767, -7.695228108285686], [110.46626474738196, -7.695206880910322], [110.46635194970473, -7.695194062157019], [110.46644, -7.695189775478147], [110.46652805029527, -7.695194062157019], [110.46661525261804, -7.695206880910322], [110.46670076716232, -7.695228108285686], [110.46678377037627, -7.6952575398506395], [110.46686346289357, -7.695294892161448], [110.46693907723173, -7.695339805492902], [110.46700988518332, -7.695391847302742], [110.46707520482906, -7.695450516397362], [110.46713440710504, -7.695515247758689], [110.46718692186101, -7.6955854179857], [110.46723224335115, -7.695660351298222], [110.46726993510474, -7.69573932604517], [110.46729963412957, -7.69582158165452], [110.46732105440783, -7.695906325958114], [110.4673339896505, -7.695992742820737], [110.46733831528412, -7.6960799999999985]]]}}, {"id": "94", "type": "Feature", "properties": {"id": "ID_00094", "Name": "KOROULON - JOHOLANANG", "timestamp": null, "begin": null, "end": null, "altitudeMode": "clampToGround", "tessellate": -1, "extrude": 0, "visibility": -1, "drawOrder": null, "icon": null, "snippet": "", "FID": "94", "No": "34", "Y": "-7,69602", "X": "110,46671", "Ruas_Jalan": "KOROULON - JOHOLANANG", "SRS": "SRS Gunung Merapi", "Jenis": "APJ NUANSA BUDAYA TENAGA LISTRIK", "Posisi": "Kanan", "Foto": "https://drive.google.com/file/d/18wVwcn_OLl7W_6-19Zqm31J4Ahb3DEQ1/view?usp=drive_link"}, "geometry": {"type": "Polygon", "coordinates": [[[110.46760831528411, -7.69602], [110.46760398965048, -7.696107257173652], [110.46759105440783, -7.696193673995324], [110.46756963412957, -7.696278418224543], [110.46753993510474, -7.696360673729307], [110.46750224335113, -7.696439648345812], [110.46745692186101, -7.696514581507364], [110.46740440710504, -7.696584751568983], [110.46734520482904, -7.696649482757142], [110.4672798851833, -7.696708151677739], [110.46720907723173, -7.696760193319622], [110.46713346289356, -7.696805106495856], [110.46705377037627, -7.69684245867033], [110.46697076716232, -7.696871890123221], [110.46688525261804, -7.696893117415228], [110.46679805029527, -7.69690593611716], [110.46670999999999, -7.696910222778683], [110.46662194970473, -7.69690593611716], [110.46653474738196, -7.696893117415228], [110.46644923283768, -7.696871890123221], [110.46636622962373, -7.69684245867033], [110.46628653710643, -7.696805106495856], [110.46621092276827, -7.696760193319622], [110.46614011481668, -7.696708151677739], [110.46607479517094, -7.696649482757142], [110.46601559289496, -7.696584751568983], [110.46596307813898, -7.696514581507364], [110.46591775664885, -7.696439648345812], [110.46588006489526, -7.696360673729307], [110.46585036587042, -7.696278418224543], [110.46582894559216, -7.696193673995324], [110.4658160103495, -7.696107257173652], [110.46581168471587, -7.69602], [110.4658160103495, -7.695932742808391], [110.46582894559216, -7.6958463259335375], [110.46585036587042, -7.695761581617952], [110.46588006489526, -7.695679325996962], [110.46591775664885, -7.695600351238839], [110.46596307813898, -7.695525417915712], [110.46601559289496, -7.6954552476787725], [110.46607479517094, -7.695390516308287], [110.46614011481668, -7.695331847205365], [110.46621092276827, -7.695279805388162], [110.46628653710643, -7.695234892050351], [110.46636622962373, -7.695197539734258], [110.46644923283768, -7.69516810816514], [110.46653474738196, -7.6951468807867744], [110.46662194970473, -7.695134062031656], [110.46670999999999, -7.695129775352175], [110.46679805029527, -7.695134062031656], [110.46688525261804, -7.6951468807867744], [110.46697076716232, -7.69516810816514], [110.46705377037627, -7.695197539734258], [110.46713346289356, -7.695234892050351], [110.46720907723173, -7.695279805388162], [110.4672798851833, -7.695331847205365], [110.46734520482904, -7.695390516308287], [110.46740440710504, -7.6954552476787725], [110.46745692186101, -7.695525417915712], [110.46750224335113, -7.695600351238839], [110.46753993510474, -7.695679325996962], [110.46756963412957, -7.695761581617952], [110.46759105440783, -7.6958463259335375], [110.46760398965048, -7.695932742808391], [110.46760831528411, -7.69602]]]}}, {"id": "95", "type": "Feature", "properties": {"id": "ID_00095", "Name": "KOROULON - JOHOLANANG", "timestamp": null, "begin": null, "end": null, "altitudeMode": "clampToGround", "tessellate": -1, "extrude": 0, "visibility": -1, "drawOrder": null, "icon": null, "snippet": "", "FID": "95", "No": "35", "Y": "-7,69595", "X": "110,46703", "Ruas_Jalan": "KOROULON - JOHOLANANG", "SRS": "SRS Gunung Merapi", "Jenis": "APJ NUANSA BUDAYA TENAGA LISTRIK DAN BOX KWH", "Posisi": "Kanan", "Foto": "https://drive.google.com/file/d/1zB0Y4XT0okQqpLOtf_Xelsy3lwqJGcKD/view?usp=drive_link"}, "geometry": {"type": "Polygon", "coordinates": [[[110.46792831528411, -7.69595], [110.46792398965049, -7.696037257188057], [110.46791105440782, -7.696123674023995], [110.46788963412956, -7.696208418267208], [110.46785993510474, -7.696290673785552], [110.46782224335114, -7.6963696484150965], [110.467776921861, -7.6964445815890175], [110.46772440710502, -7.696514751662225], [110.46766520482903, -7.696579482861071], [110.4675998851833, -7.696638151791355], [110.4675290772317, -7.69669019344183], [110.46745346289356, -7.696735106625483], [110.46737377037627, -7.696772458806122], [110.46729076716231, -7.696801890263873], [110.46720525261803, -7.696823117559383], [110.46711805029524, -7.696835936263433], [110.46702999999998, -7.6968402229256645], [110.46694194970472, -7.696835936263433], [110.46685474738194, -7.696823117559383], [110.46676923283765, -7.696801890263873], [110.46668622962372, -7.696772458806122], [110.46660653710641, -7.696735106625483], [110.46653092276827, -7.69669019344183], [110.46646011481667, -7.696638151791355], [110.46639479517094, -7.696579482861071], [110.46633559289495, -7.696514751662225], [110.46628307813897, -7.6964445815890175], [110.46623775664884, -7.6963696484150965], [110.46620006489525, -7.696290673785552], [110.46617036587043, -7.696208418267208], [110.46614894559215, -7.696123674023995], [110.46613601034949, -7.696037257188057], [110.46613168471588, -7.69595], [110.46613601034949, -7.695862742793986], [110.46614894559215, -7.695776325904864], [110.46617036587043, -7.695691581575288], [110.46620006489525, -7.695609325940719], [110.46623775664884, -7.695530351169557], [110.46628307813897, -7.69545541783406], [110.46633559289495, -7.695385247585536], [110.46639479517094, -7.695320516204366], [110.46646011481667, -7.695261847091755], [110.46653092276827, -7.695209805265963], [110.46660653710641, -7.695164891920738], [110.46668622962372, -7.695127539598478], [110.46676923283765, -7.695098108024502], [110.46685474738194, -7.69507688064263], [110.46694194970472, -7.6950640618853985], [110.46702999999998, -7.695059775205208], [110.46711805029524, -7.6950640618853985], [110.46720525261803, -7.69507688064263], [110.46729076716231, -7.695098108024502], [110.46737377037627, -7.695127539598478], [110.46745346289356, -7.695164891920738], [110.4675290772317, -7.695209805265963], [110.4675998851833, -7.695261847091755], [110.46766520482903, -7.695320516204366], [110.46772440710502, -7.695385247585536], [110.467776921861, -7.69545541783406], [110.46782224335114, -7.695530351169557], [110.46785993510474, -7.695609325940719], [110.46788963412956, -7.695691581575288], [110.46791105440782, -7.695776325904864], [110.46792398965049, -7.695862742793986], [110.46792831528411, -7.69595]]]}}, {"id": "96", "type": "Feature", "properties": {"id": "ID_00096", "Name": " ", "timestamp": null, "begin": null, "end": null, "altitudeMode": "clampToGround", "tessellate": -1, "extrude": 0, "visibility": -1, "drawOrder": null, "icon": null, "snippet": "", "FID": "96", "No": "1", "Y": "-7,750073", "X": "110,194596", "Ruas_Jalan": "", "SRS": "", "Jenis": "", "Posisi": "", "Foto": ""}, "geometry": {"type": "Polygon", "coordinates": [[[110.19549451528411, -7.750072750999999], [110.1954901896505, -7.750159997010716], [110.19547725440783, -7.750246402776831], [110.19545583412958, -7.7503311361643625], [110.19542613510474, -7.750413381145714], [110.19538844335115, -7.750492345658442], [110.19534312186101, -7.750567269233177], [110.19529060710504, -7.750637430317276], [110.19523140482906, -7.750702153223691], [110.19516608518332, -7.750760814638095], [110.19509527723173, -7.75081284962164], [110.19501966289357, -7.750857757051537], [110.19493997037627, -7.750895104447026], [110.19485696716234, -7.750924532134322], [110.19477145261804, -7.750945756710403], [110.19468425029527, -7.7509585737722455], [110.1945962, -7.750962859885309], [110.19450814970475, -7.7509585737722455], [110.19442094738196, -7.750945756710403], [110.19433543283768, -7.750924532134322], [110.19425242962373, -7.750895104447026], [110.19417273710643, -7.750857757051537], [110.19409712276828, -7.75081284962164], [110.1940263148167, -7.750760814638095], [110.19396099517095, -7.750702153223691], [110.19390179289496, -7.750637430317276], [110.19384927813898, -7.750567269233177], [110.19380395664885, -7.750492345658442], [110.19376626489526, -7.750413381145714], [110.19373656587042, -7.7503311361643625], [110.19371514559217, -7.750246402776831], [110.1937022103495, -7.750159997010716], [110.19369788471587, -7.750072750999999], [110.1937022103495, -7.749985504971205], [110.19371514559217, -7.7498990991515395], [110.19373656587042, -7.7498143656770555], [110.19376626489526, -7.749732120578682], [110.19380395664885, -7.749653155923362], [110.19384927813898, -7.749578232185946], [110.19390179289496, -7.749508070925324], [110.19396099517095, -7.749443347835334], [110.1940263148167, -7.749384686237357], [110.19409712276828, -7.749332651077289], [110.19417273710643, -7.749287743484712], [110.19425242962373, -7.749250395946632], [110.19433543283768, -7.749220968142311], [110.19442094738196, -7.7491997434792745], [110.19450814970475, -7.749186926363886], [110.1945962, -7.749182640232741], [110.19468425029527, -7.749186926363886], [110.19477145261804, -7.7491997434792745], [110.19485696716234, -7.749220968142311], [110.19493997037627, -7.749250395946632], [110.19501966289357, -7.749287743484712], [110.19509527723173, -7.749332651077289], [110.19516608518332, -7.749384686237357], [110.19523140482906, -7.749443347835334], [110.19529060710504, -7.749508070925324], [110.19534312186101, -7.749578232185946], [110.19538844335115, -7.749653155923362], [110.19542613510474, -7.749732120578682], [110.19545583412958, -7.7498143656770555], [110.19547725440783, -7.7498990991515395], [110.1954901896505, -7.749985504971205], [110.19549451528411, -7.750072750999999]]]}}, {"id": "97", "type": "Feature", "properties": {"id": "ID_00097", "Name": " ", "timestamp": null, "begin": null, "end": null, "altitudeMode": "clampToGround", "tessellate": -1, "extrude": 0, "visibility": -1, "drawOrder": null, "icon": null, "snippet": "", "FID": "97", "No": "2", "Y": "-7,750094", "X": "110,194176", "Ruas_Jalan": "", "SRS": "", "Jenis": "", "Posisi": "", "Foto": ""}, "geometry": {"type": "Polygon", "coordinates": [[[110.19507441528411, -7.7500944249999995], [110.1950700896505, -7.7501816710062235], [110.19505715440782, -7.750268076767893], [110.19503573412956, -7.750352810151059], [110.19500603510474, -7.750435055128176], [110.19496834335115, -7.750514019636838], [110.19492302186102, -7.750588943207716], [110.19487050710502, -7.750659104288204], [110.19481130482905, -7.750723827191287], [110.19474598518332, -7.75078248860267], [110.19467517723172, -7.750834523583534], [110.19459956289357, -7.750879431011119], [110.19451987037627, -7.750916778404683], [110.19443686716232, -7.750946206090468], [110.19435135261804, -7.750967430665453], [110.19426415029525, -7.750980247726637], [110.19417609999999, -7.750984533839483], [110.19408804970475, -7.750980247726637], [110.19400084738196, -7.750967430665453], [110.19391533283766, -7.750946206090468], [110.19383232962372, -7.750916778404683], [110.19375263710643, -7.750879431011119], [110.19367702276828, -7.750834523583534], [110.19360621481668, -7.75078248860267], [110.19354089517095, -7.750723827191287], [110.19348169289496, -7.750659104288204], [110.19342917813898, -7.750588943207716], [110.19338385664885, -7.750514019636838], [110.19334616489525, -7.750435055128176], [110.19331646587042, -7.750352810151059], [110.19329504559217, -7.750268076767893], [110.1932821103495, -7.7501816710062235], [110.19327778471587, -7.7500944249999995], [110.1932821103495, -7.750007178975697], [110.19329504559217, -7.749920773160481], [110.19331646587042, -7.749836039690355], [110.19334616489525, -7.749753794596216], [110.19338385664885, -7.749674829944961], [110.19342917813898, -7.749599906211404], [110.19348169289496, -7.749529744954391], [110.19354089517095, -7.749465021867736], [110.19360621481668, -7.7494063602727765], [110.19367702276828, -7.749354325115388], [110.19375263710643, -7.749309417525122], [110.19383232962372, -7.749272069988966], [110.19391533283766, -7.74924264218616], [110.19400084738196, -7.749221417524218], [110.19408804970475, -7.749208600409486], [110.19417609999999, -7.749204314278562], [110.19426415029525, -7.749208600409486], [110.19435135261804, -7.749221417524218], [110.19443686716232, -7.74924264218616], [110.19451987037627, -7.749272069988966], [110.19459956289357, -7.749309417525122], [110.19467517723172, -7.749354325115388], [110.19474598518332, -7.7494063602727765], [110.19481130482905, -7.749465021867736], [110.19487050710502, -7.749529744954391], [110.19492302186102, -7.749599906211404], [110.19496834335115, -7.749674829944961], [110.19500603510474, -7.749753794596216], [110.19503573412956, -7.749836039690355], [110.19505715440782, -7.749920773160481], [110.1950700896505, -7.750007178975697], [110.19507441528411, -7.7500944249999995]]]}}, {"id": "98", "type": "Feature", "properties": {"id": "ID_00098", "Name": " ", "timestamp": null, "begin": null, "end": null, "altitudeMode": "clampToGround", "tessellate": -1, "extrude": 0, "visibility": -1, "drawOrder": null, "icon": null, "snippet": "", "FID": "98", "No": "3", "Y": "-7,750103", "X": "110,19405", "Ruas_Jalan": "", "SRS": "", "Jenis": "", "Posisi": "", "Foto": ""}, "geometry": {"type": "Polygon", "coordinates": [[[110.19494851528412, -7.750103276], [110.1949441896505, -7.750190522004388], [110.19493125440783, -7.750276927764242], [110.19490983412958, -7.750361661145625], [110.19488013510474, -7.750443906121014], [110.19484244335115, -7.750522870628019], [110.19479712186101, -7.7505977941973185], [110.19474460710504, -7.750667955276331], [110.19468540482904, -7.750732678178054], [110.1946200851833, -7.750791339588202], [110.19454927723173, -7.7508433745679755], [110.19447366289357, -7.750888281994616], [110.19439397037627, -7.750925629387396], [110.19431096716232, -7.750955057072561], [110.19422545261806, -7.7509762816471], [110.19413825029527, -7.750989098708012], [110.19405019999999, -7.750993384820767], [110.19396214970473, -7.750989098708012], [110.19387494738196, -7.7509762816471], [110.19378943283768, -7.750955057072561], [110.19370642962373, -7.750925629387396], [110.19362673710643, -7.750888281994616], [110.19355112276828, -7.7508433745679755], [110.19348031481668, -7.750791339588202], [110.19341499517094, -7.750732678178054], [110.19335579289496, -7.750667955276331], [110.19330327813898, -7.7505977941973185], [110.19325795664885, -7.750522870628019], [110.19322026489526, -7.750443906121014], [110.19319056587042, -7.750361661145625], [110.19316914559217, -7.750276927764242], [110.1931562103495, -7.750190522004388], [110.19315188471589, -7.750103276], [110.1931562103495, -7.75001602997753], [110.19316914559217, -7.749929624164131], [110.19319056587042, -7.7498448906957895], [110.19322026489526, -7.749762645603378], [110.19325795664885, -7.749683680953783], [110.19330327813898, -7.749608757221799], [110.19335579289496, -7.749538595966267], [110.19341499517094, -7.749473872880968], [110.19348031481668, -7.749415211287241], [110.19355112276828, -7.749363176130948], [110.19362673710643, -7.749318268541627], [110.19370642962373, -7.749280921006254], [110.19378943283768, -7.749251493204067], [110.19387494738196, -7.749230268542572], [110.19396214970473, -7.749217451428111], [110.19405019999999, -7.749213165297277], [110.19413825029527, -7.749217451428111], [110.19422545261806, -7.749230268542572], [110.19431096716232, -7.749251493204067], [110.19439397037627, -7.749280921006254], [110.19447366289357, -7.749318268541627], [110.19454927723173, -7.749363176130948], [110.1946200851833, -7.749415211287241], [110.19468540482904, -7.749473872880968], [110.19474460710504, -7.749538595966267], [110.19479712186101, -7.749608757221799], [110.19484244335115, -7.749683680953783], [110.19488013510474, -7.749762645603378], [110.19490983412958, -7.7498448906957895], [110.19493125440783, -7.749929624164131], [110.1949441896505, -7.75001602997753], [110.19494851528412, -7.750103276]]]}}, {"id": "99", "type": "Feature", "properties": {"id": "ID_00099", "Name": " ", "timestamp": null, "begin": null, "end": null, "altitudeMode": "clampToGround", "tessellate": -1, "extrude": 0, "visibility": -1, "drawOrder": null, "icon": null, "snippet": "", "FID": "99", "No": "4", "Y": "-7,750222", "X": "110,193776", "Ruas_Jalan": "", "SRS": "", "Jenis": "", "Posisi": "", "Foto": ""}, "geometry": {"type": "Polygon", "coordinates": [[[110.19467441528411, -7.7502224319999975], [110.19467008965049, -7.750309677979695], [110.19465715440782, -7.750396083715088], [110.19463573412956, -7.750480817072492], [110.19460603510473, -7.7505630620246], [110.19456834335114, -7.750642026509253], [110.194523021861, -7.750716950057345], [110.19447050710502, -7.7507871111165], [110.19441130482903, -7.7508518339999], [110.19434598518329, -7.7509104953934465], [110.1942751772317, -7.750962530358492], [110.19419956289356, -7.751007437772417], [110.19411987037626, -7.751044785154625], [110.19403686716231, -7.751074212831459], [110.19395135261803, -7.751095437399993], [110.19386415029524, -7.751108254457278], [110.19377609999998, -7.751112540568819], [110.19368804970472, -7.751108254457278], [110.19360084738194, -7.751095437399993], [110.19351533283765, -7.751074212831459], [110.19343232962372, -7.751044785154625], [110.19335263710641, -7.751007437772417], [110.19327702276827, -7.750962530358492], [110.19320621481667, -7.7509104953934465], [110.19314089517093, -7.7508518339999], [110.19308169289495, -7.7507871111165], [110.19302917813897, -7.750716950057345], [110.19298385664884, -7.750642026509253], [110.19294616489525, -7.7505630620246], [110.19291646587041, -7.750480817072492], [110.19289504559215, -7.750396083715088], [110.19288211034949, -7.750309677979695], [110.19287778471588, -7.7502224319999975], [110.19288211034949, -7.750135186002221], [110.19289504559215, -7.7500487802132785], [110.19291646587041, -7.74996404676892], [110.19294616489525, -7.749881801699786], [110.19298385664884, -7.74980283707254], [110.19302917813897, -7.74972791336176], [110.19308169289495, -7.749657752126085], [110.19314089517093, -7.749593029059103], [110.19320621481667, -7.74953436748198], [110.19327702276827, -7.7494823323404125], [110.19335263710641, -7.749437424763798], [110.19343232962372, -7.749400077238996], [110.19351533283765, -7.7493706494451375], [110.19360084738194, -7.749349424789647], [110.19368804970472, -7.749336607678814], [110.19377609999998, -7.7493323215491925], [110.19386415029524, -7.749336607678814], [110.19395135261803, -7.749349424789647], [110.19403686716231, -7.7493706494451375], [110.19411987037626, -7.749400077238996], [110.19419956289356, -7.749437424763798], [110.1942751772317, -7.7494823323404125], [110.19434598518329, -7.74953436748198], [110.19441130482903, -7.749593029059103], [110.19447050710502, -7.749657752126085], [110.194523021861, -7.74972791336176], [110.19456834335114, -7.74980283707254], [110.19460603510473, -7.749881801699786], [110.19463573412956, -7.74996404676892], [110.19465715440782, -7.7500487802132785], [110.19467008965049, -7.750135186002221], [110.19467441528411, -7.7502224319999975]]]}}, {"id": "100", "type": "Feature", "properties": {"id": "ID_00100", "Name": " ", "timestamp": null, "begin": null, "end": null, "altitudeMode": "clampToGround", "tessellate": -1, "extrude": 0, "visibility": -1, "drawOrder": null, "icon": null, "snippet": "", "FID": "100", "No": "5", "Y": "-7,750241", "X": "110,193462", "Ruas_Jalan": "", "SRS": "", "Jenis": "", "Posisi": "", "Foto": ""}, "geometry": {"type": "Polygon", "coordinates": [[[110.19436011528411, -7.750241237000001], [110.19435578965049, -7.750328482975798], [110.19434285440782, -7.7504148887073345], [110.19432143412956, -7.750499622060952], [110.19429173510473, -7.750581867009386], [110.19425404335114, -7.750660831490508], [110.194208721861, -7.750735755035257], [110.19415620710502, -7.7508059160912754], [110.19409700482905, -7.7508706389717865], [110.1940316851833, -7.750929300362712], [110.19396087723172, -7.75098133532543], [110.19388526289356, -7.751026242737351], [110.19380557037626, -7.751063590117891], [110.19372256716231, -7.751093017793412], [110.19363705261803, -7.7511142423609956], [110.19354985029526, -7.7511270594177075], [110.1934618, -7.751131345529058], [110.19337374970472, -7.7511270594177075], [110.19328654738194, -7.7511142423609956], [110.19320103283766, -7.751093017793412], [110.19311802962372, -7.751063590117891], [110.19303833710643, -7.751026242737351], [110.19296272276826, -7.75098133532543], [110.19289191481668, -7.750929300362712], [110.19282659517094, -7.7508706389717865], [110.19276739289495, -7.7508059160912754], [110.19271487813897, -7.750735755035257], [110.19266955664885, -7.750660831490508], [110.19263186489525, -7.750581867009386], [110.19260216587041, -7.750499622060952], [110.19258074559215, -7.7504148887073345], [110.1925678103495, -7.750328482975798], [110.19256348471588, -7.750241237000001], [110.1925678103495, -7.750153991006119], [110.19258074559215, -7.750067585221037], [110.19260216587041, -7.749982851780461], [110.19263186489525, -7.749900606715], [110.19266955664885, -7.749821642091282], [110.19271487813897, -7.749746718383851], [110.19276739289495, -7.7496765571513055], [110.19282659517094, -7.749611834087216], [110.19289191481668, -7.749553172512711], [110.19296272276826, -7.74950113737347], [110.19303833710643, -7.749456229798863], [110.19311802962372, -7.749418882275728], [110.19320103283766, -7.749389454483185], [110.19328654738194, -7.749368229828644], [110.19337374970472, -7.749355412718383], [110.1934618, -7.749351126588952], [110.19354985029526, -7.749355412718383], [110.19363705261803, -7.749368229828644], [110.19372256716231, -7.749389454483185], [110.19380557037626, -7.749418882275728], [110.19388526289356, -7.749456229798863], [110.19396087723172, -7.74950113737347], [110.1940316851833, -7.749553172512711], [110.19409700482905, -7.749611834087216], [110.19415620710502, -7.7496765571513055], [110.194208721861, -7.749746718383851], [110.19425404335114, -7.749821642091282], [110.19429173510473, -7.749900606715], [110.19432143412956, -7.749982851780461], [110.19434285440782, -7.750067585221037], [110.19435578965049, -7.750153991006119], [110.19436011528411, -7.750241237000001]]]}}]}